time,symbol,timeframe,price_basis,open,high,low,close,spread_points,atr14,adx14,atr_pct,regime_id,cand_long,cand_short,entry_allowed,feature_0,feature_1,feature_2,feature_3,feature_4,feature_5,feature_6,feature_7,feature_8,feature_9,feature_10,feature_11,feature_12,feature_13,feature_14,feature_15,feature_16,feature_17,feature_18,feature_19,feature_20,feature_21,onnx_p_long,onnx_p_short,onnx_p_pass,stage1_argmax,prm_raw_0,prm_raw_1,prm_raw_2,prm_raw_3,prm_raw_4,prm_raw_5,final_dir,flip_used,k_sl_req,k_tp_req,k_sl_eff,k_tp_eff,hold_bars,gate_pass,gate_reject_reason,dyn_spread_atr_max,dyn_dev_points,risk_pct,dist_atr,dist_atr_max_t,dist_atr_max_mode,has_position,bars_held,ea_version,schema_version,candidate_policy_version,regime_policy_version,model_pack_version,clf_version,prm_version,cost_model_version
2026.02.20 01:00,US100,PERIOD_M5,Bid,24785.45000000,24792.10000000,24773.60000000,24789.10000000,110.00,15.58928571,29.843664,0.00062888,-1,0,0,0,0.00000000,0.00000000,0.00000000,0.00000000,0.00000000,0.00000000,0.00000000,0.00000000,0.00000000,0.00000000,0.00000000,0.00000000,0.00000000,0.00000000,0.00000000,0.00000000,0.00000000,0.00000000,0.00000000,0.00000000,0.00000000,0.00000000,0.000000,0.000000,1.000000,PASS,1.500000,2.000000,24.000000,1.500000,2.000000,24.000000,PASS,0,6.000000,12.000000,6.000000,12.000000,24,0,,0.000000,0,0.000000,6.56778851,0.00000000,adaptive_quantile,1,8,0.1.4,1.0,0.1.2,0.1.0q,0.1.0,0.1.0,0.1.0,0.1
2026.02.20 01:05,US100,PERIOD_M5,Bid,24788.85000000,24799.85000000,24786.60000000,24797.10000000,60.00,13.07500000,23.944448,0.00052728,-1,0,0,0,0.00000000,0.00000000,0.00000000,0.00000000,0.00000000,0.00000000,0.00000000,0.00000000,0.00000000,0.00000000,0.00000000,0.00000000,0.00000000,0.00000000,0.00000000,0.00000000,0.00000000,0.00000000,0.00000000,0.00000000,0.00000000,0.00000000,0.000000,0.000000,1.000000,PASS,1.500000,2.000000,24.000000,1.500000,2.000000,24.000000,PASS,0,6.000000,12.000000,6.000000,12.000000,24,0,,0.000000,0,0.000000,1.27370561,0.00000000,adaptive_quantile,1,9,0.1.4,1.0,0.1.2,0.1.0q,0.1.0,0.1.0,0.1.0,0.1
2026.02.20 01:10,US100,PERIOD_M5,Bid,24797.35000000,24797.85000000,24780.35000000,24792.35000000,60.00,13.05714286,21.659806,0.00052666,-1,0,0,0,0.00000000,0.00000000,0.00000000,0.00000000,0.00000000,0.00000000,0.00000000,0.00000000,0.00000000,0.00000000,0.00000000,0.00000000,0.00000000,0.00000000,0.00000000,0.00000000,0.00000000,0.00000000,0.00000000,0.00000000,0.00000000,0.00000000,0.000000,0.000000,1.000000,PASS,1.500000,2.000000,24.000000,1.500000,2.000000,24.000000,PASS,0,6.000000,12.000000,6.000000,12.000000,24,0,,0.000000,0,0.000000,0.82483704,0.00000000,adaptive_quantile,1,10,0.1.4,1.0,0.1.2,0.1.0q,0.1.0,0.1.0,0.1.0,0.1
2026.02.20 01:15,US100,PERIOD_M5,Bid,24792.60000000,24808.85000000,24792.60000000,24803.10000000,110.00,13.55714286,22.527247,0.00054659,-1,0,0,0,0.00000000,0.00000000,0.00000000,0.00000000,0.00000000,0.00000000,0.00000000,0.00000000,0.00000000,0.00000000,0.00000000,0.00000000,0.00000000,0.00000000,0.00000000,0.00000000,0.00000000,0.00000000,0.00000000,0.00000000,0.00000000,0.00000000,0.000000,0.000000,1.000000,PASS,1.500000,2.000000,24.000000,1.500000,2.000000,24.000000,PASS,0,6.000000,12.000000,6.000000,12.000000,24,0,,0.000000,0,0.000000,1.43617944,0.00000000,adaptive_quantile,1,11,0.1.4,1.0,0.1.2,0.1.0q,0.1.0,0.1.0,0.1.0,0.1
2026.02.20 01:20,US100,PERIOD_M5,Bid,24802.85000000,24806.60000000,24800.60000000,24803.10000000,60.00,13.03928571,23.279029,0.00052571,-1,0,0,0,0.00000000,0.00000000,0.00000000,0.00000000,0.00000000,0.00000000,0.00000000,0.00000000,0.00000000,0.00000000,0.00000000,0.00000000,0.00000000,0.00000000,0.00000000,0.00000000,0.00000000,0.00000000,0.00000000,0.00000000,0.00000000,0.00000000,0.000000,0.000000,1.000000,PASS,1.500000,2.000000,24.000000,1.500000,2.000000,24.000000,PASS,0,6.000000,12.000000,6.000000,12.000000,24,0,,0.000000,0,0.000000,1.35100632,0.00000000,adaptive_quantile,1,12,0.1.4,1.0,0.1.2,0.1.0q,0.1.0,0.1.0,0.1.0,0.1
2026.02.20 01:25,US100,PERIOD_M5,Bid,24803.10000000,24814.60000000,24803.10000000,24807.10000000,110.00,13.25357143,26.243504,0.00053427,-1,0,0,0,0.00000000,0.00000000,0.00000000,0.00000000,0.00000000,0.00000000,0.00000000,0.00000000,0.00000000,0.00000000,0.00000000,0.00000000,0.00000000,0.00000000,0.00000000,0.00000000,0.00000000,0.00000000,0.00000000,0.00000000,0.00000000,0.00000000,0.000000,0.000000,1.000000,PASS,1.500000,2.000000,24.000000,1.500000,2.000000,24.000000,PASS,0,6.000000,12.000000,6.000000,12.000000,24,0,,0.000000,0,0.000000,1.47563816,0.00000000,adaptive_quantile,1,13,0.1.4,1.0,0.1.2,0.1.0q,0.1.0,0.1.0,0.1.0,0.1
2026.02.20 01:30,US100,PERIOD_M5,Bid,24807.60000000,24824.10000000,24806.10000000,24823.60000000,60.00,12.14642857,30.080504,0.00048931,-1,0,0,0,0.00000000,0.00000000,0.00000000,0.00000000,0.00000000,0.00000000,0.00000000,0.00000000,0.00000000,0.00000000,0.00000000,0.00000000,0.00000000,0.00000000,0.00000000,0.00000000,0.00000000,0.00000000,0.00000000,0.00000000,0.00000000,0.00000000,0.000000,0.000000,1.000000,PASS,1.500000,2.000000,24.000000,1.500000,2.000000,24.000000,PASS,0,6.000000,12.000000,6.000000,12.000000,24,0,,0.000000,0,0.000000,2.68584549,0.00000000,adaptive_quantile,1,14,0.1.4,1.0,0.1.2,0.1.0q,0.1.0,0.1.0,0.1.0,0.1
2026.02.20 01:35,US100,PERIOD_M5,Bid,24823.10000000,24835.85000000,24821.10000000,24826.10000000,60.00,12.43214286,34.803731,0.00050077,-1,0,0,0,0.00000000,0.00000000,0.00000000,0.00000000,0.00000000,0.00000000,0.00000000,0.00000000,0.00000000,0.00000000,0.00000000,0.00000000,0.00000000,0.00000000,0.00000000,0.00000000,0.00000000,0.00000000,0.00000000,0.00000000,0.00000000,0.00000000,0.000000,0.000000,1.000000,PASS,1.500000,2.000000,24.000000,1.500000,2.000000,24.000000,PASS,0,6.000000,12.000000,6.000000,12.000000,24,0,,0.000000,0,0.000000,2.55614355,0.00000000,adaptive_quantile,1,15,0.1.4,1.0,0.1.2,0.1.0q,0.1.0,0.1.0,0.1.0,0.1
2026.02.20 01:40,US100,PERIOD_M5,Bid,24826.10000000,24827.85000000,24820.35000000,24820.35000000,60.00,12.00357143,38.176525,0.00048362,-1,0,0,0,0.00000000,0.00000000,0.00000000,0.00000000,0.00000000,0.00000000,0.00000000,0.00000000,0.00000000,0.00000000,0.00000000,0.00000000,0.00000000,0.00000000,0.00000000,0.00000000,0.00000000,0.00000000,0.00000000,0.00000000,0.00000000,0.00000000,0.000000,0.000000,1.000000,PASS,1.500000,2.000000,24.000000,1.500000,2.000000,24.000000,PASS,0,6.000000,12.000000,6.000000,12.000000,24,0,,0.000000,0,0.000000,1.96187045,0.00000000,adaptive_quantile,1,16,0.1.4,1.0,0.1.2,0.1.0q,0.1.0,0.1.0,0.1.0,0.1
2026.02.20 01:45,US100,PERIOD_M5,Bid,24820.85000000,24832.60000000,24818.60000000,24826.85000000,60.00,12.52857143,41.702678,0.00050464,-1,0,0,0,0.00000000,0.00000000,0.00000000,0.00000000,0.00000000,0.00000000,0.00000000,0.00000000,0.00000000,0.00000000,0.00000000,0.00000000,0.00000000,0.00000000,0.00000000,0.00000000,0.00000000,0.00000000,0.00000000,0.00000000,0.00000000,0.00000000,0.000000,0.000000,1.000000,PASS,1.500000,2.000000,24.000000,1.500000,2.000000,24.000000,PASS,0,6.000000,12.000000,6.000000,12.000000,24,0,,0.000000,0,0.000000,2.17004786,0.00000000,adaptive_quantile,1,17,0.1.4,1.0,0.1.2,0.1.0q,0.1.0,0.1.0,0.1.0,0.1
2026.02.20 01:50,US100,PERIOD_M5,Bid,24826.85000000,24828.85000000,24814.35000000,24817.85000000,60.00,12.56428571,42.530302,0.00050626,-1,0,0,0,0.00000000,0.00000000,0.00000000,0.00000000,0.00000000,0.00000000,0.00000000,0.00000000,0.00000000,0.00000000,0.00000000,0.00000000,0.00000000,0.00000000,0.00000000,0.00000000,0.00000000,0.00000000,0.00000000,0.00000000,0.00000000,0.00000000,0.000000,0.000000,1.000000,PASS,1.500000,2.000000,24.000000,1.500000,2.000000,24.000000,PASS,0,6.000000,12.000000,6.000000,12.000000,24,0,,0.000000,0,0.000000,1.30970018,0.00000000,adaptive_quantile,1,18,0.1.4,1.0,0.1.2,0.1.0q,0.1.0,0.1.0,0.1.0,0.1
2026.02.20 01:55,US100,PERIOD_M5,Bid,24817.85000000,24827.35000000,24817.10000000,24825.10000000,110.00,12.81428571,43.247577,0.00051618,-1,0,0,0,0.00000000,0.00000000,0.00000000,0.00000000,0.00000000,0.00000000,0.00000000,0.00000000,0.00000000,0.00000000,0.00000000,0.00000000,0.00000000,0.00000000,0.00000000,0.00000000,0.00000000,0.00000000,0.00000000,0.00000000,0.00000000,0.00000000,0.000000,0.000000,1.000000,PASS,1.500000,2.000000,24.000000,1.500000,2.000000,24.000000,PASS,0,6.000000,12.000000,6.000000,12.000000,24,0,,0.000000,0,0.000000,1.67374023,0.00000000,adaptive_quantile,1,19,0.1.4,1.0,0.1.2,0.1.0q,0.1.0,0.1.0,0.1.0,0.1
2026.02.20 02:00,US100,PERIOD_M5,Bid,24824.35000000,24833.10000000,24806.35000000,24828.85000000,110.00,14.04642857,40.785884,0.00056573,-1,0,0,0,0.00000000,0.00000000,0.00000000,0.00000000,0.00000000,0.00000000,0.00000000,0.00000000,0.00000000,0.00000000,0.00000000,0.00000000,0.00000000,0.00000000,0.00000000,0.00000000,0.00000000,0.00000000,0.00000000,0.00000000,0.00000000,0.00000000,0.000000,0.000000,1.000000,PASS,1.500000,2.000000,24.000000,1.500000,2.000000,24.000000,PASS,0,6.000000,12.000000,6.000000,12.000000,24,0,,0.000000,0,0.000000,1.62304577,0.00000000,adaptive_quantile,1,20,0.1.4,1.0,0.1.2,0.1.0q,0.1.0,0.1.0,0.1.0,0.1
2026.02.20 02:05,US100,PERIOD_M5,Bid,24829.35000000,24834.60000000,24820.60000000,24824.60000000,60.00,14.50000000,39.112624,0.00058410,-1,0,0,0,0.00000000,0.00000000,0.00000000,0.00000000,0.00000000,0.00000000,0.00000000,0.00000000,0.00000000,0.00000000,0.00000000,0.00000000,0.00000000,0.00000000,0.00000000,0.00000000,0.00000000,0.00000000,0.00000000,0.00000000,0.00000000,0.00000000,0.000000,0.000000,1.000000,PASS,1.500000,2.000000,24.000000,1.500000,2.000000,24.000000,PASS,0,6.000000,12.000000,6.000000,12.000000,24,0,,0.000000,0,0.000000,1.15734625,0.00000000,adaptive_quantile,1,21,0.1.4,1.0,0.1.2,0.1.0q,0.1.0,0.1.0,0.1.0,0.1
2026.02.20 02:10,US100,PERIOD_M5,Bid,24824.10000000,24840.60000000,24821.60000000,24836.60000000,60.00,14.53571429,38.954143,0.00058525,-1,0,0,0,0.00000000,0.00000000,0.00000000,0.00000000,0.00000000,0.00000000,0.00000000,0.00000000,0.00000000,0.00000000,0.00000000,0.00000000,0.00000000,0.00000000,0.00000000,0.00000000,0.00000000,0.00000000,0.00000000,0.00000000,0.00000000,0.00000000,0.000000,0.000000,1.000000,PASS,1.500000,2.000000,24.000000,1.500000,2.000000,24.000000,PASS,0,6.000000,12.000000,6.000000,12.000000,24,0,,0.000000,0,0.000000,1.79147876,0.00000000,adaptive_quantile,1,22,0.1.4,1.0,0.1.2,0.1.0q,0.1.0,0.1.0,0.1.0,0.1
2026.02.20 02:15,US100,PERIOD_M5,Bid,24836.35000000,24840.10000000,24816.85000000,24818.10000000,60.00,15.25000000,37.133289,0.00061447,-1,0,0,0,0.00000000,0.00000000,0.00000000,0.00000000,0.00000000,0.00000000,0.00000000,0.00000000,0.00000000,0.00000000,0.00000000,0.00000000,0.00000000,0.00000000,0.00000000,0.00000000,0.00000000,0.00000000,0.00000000,0.00000000,0.00000000,0.00000000,0.000000,0.000000,1.000000,PASS,1.500000,2.000000,24.000000,1.500000,2.000000,24.000000,PASS,0,6.000000,12.000000,6.000000,12.000000,24,0,,0.000000,0,0.000000,0.44736314,0.00000000,adaptive_quantile,1,23,0.1.4,1.0,0.1.2,0.1.0q,0.1.0,0.1.0,0.1.0,0.1
2026.02.20 02:20,US100,PERIOD_M5,Bid,24818.10000000,24825.35000000,24807.10000000,24813.10000000,60.00,15.30357143,32.425009,0.00061675,-1,0,0,0,0.00000000,0.00000000,0.00000000,0.00000000,0.00000000,0.00000000,0.00000000,0.00000000,0.00000000,0.00000000,0.00000000,0.00000000,0.00000000,0.00000000,0.00000000,0.00000000,0.00000000,0.00000000,0.00000000,0.00000000,0.00000000,0.00000000,0.000000,0.000000,1.000000,PASS,1.500000,2.000000,24.000000,1.500000,2.000000,24.000000,PASS,0,6.000000,12.000000,6.000000,12.000000,24,0,,0.000000,0,0.000000,0.10773542,0.00000000,adaptive_quantile,1,24,0.1.4,1.0,0.1.2,0.1.0q,0.1.0,0.1.0,0.1.0,0.1
2026.02.20 02:25,US100,PERIOD_M5,Bid,24813.60000000,24843.35000000,24813.60000000,24837.60000000,60.00,16.28571429,30.813301,0.00065569,-1,0,0,0,0.00000000,0.00000000,0.00000000,0.00000000,0.00000000,0.00000000,0.00000000,0.00000000,0.00000000,0.00000000,0.00000000,0.00000000,0.00000000,0.00000000,0.00000000,0.00000000,0.00000000,0.00000000,0.00000000,0.00000000,0.00000000,0.00000000,0.000000,0.000000,1.000000,PASS,1.500000,2.000000,24.000000,1.500000,2.000000,24.000000,PASS,0,6.000000,12.000000,6.000000,12.000000,24,0,,0.000000,0,0.000000,1.45270759,0.00000000,adaptive_quantile,1,25,0.1.4,1.0,0.1.2,0.1.0q,0.1.0,0.1.0,0.1.0,0.1
2026.02.20 02:30,US100,PERIOD_M5,Bid,24837.60000000,24860.35000000,24837.60000000,24854.60000000,60.00,17.48214286,31.962890,0.00070338,-1,0,0,0,0.00000000,0.00000000,0.00000000,0.00000000,0.00000000,0.00000000,0.00000000,0.00000000,0.00000000,0.00000000,0.00000000,0.00000000,0.00000000,0.00000000,0.00000000,0.00000000,0.00000000,0.00000000,0.00000000,0.00000000,0.00000000,0.00000000,0.000000,0.000000,1.000000,PASS,1.500000,2.000000,24.000000,1.500000,2.000000,24.000000,PASS,0,6.000000,12.000000,6.000000,12.000000,24,0,,0.000000,0,0.000000,2.10421310,0.00000000,adaptive_quantile,1,26,0.1.4,1.0,0.1.2,0.1.0q,0.1.0,0.1.0,0.1.0,0.1
2026.02.20 02:35,US100,PERIOD_M5,Bid,24854.35000000,24854.60000000,24837.60000000,24844.35000000,60.00,17.87500000,32.959200,0.00071948,-1,0,0,0,0.00000000,0.00000000,0.00000000,0.00000000,0.00000000,0.00000000,0.00000000,0.00000000,0.00000000,0.00000000,0.00000000,0.00000000,0.00000000,0.00000000,0.00000000,0.00000000,0.00000000,0.00000000,0.00000000,0.00000000,0.00000000,0.00000000,0.000000,0.000000,1.000000,PASS,1.500000,2.000000,24.000000,1.500000,2.000000,24.000000,PASS,0,6.000000,12.000000,6.000000,12.000000,24,0,,0.000000,0,0.000000,1.34315532,0.00000000,adaptive_quantile,1,27,0.1.4,1.0,0.1.2,0.1.0q,0.1.0,0.1.0,0.1.0,0.1
2026.02.20 02:40,US100,PERIOD_M5,Bid,24844.35000000,24847.10000000,24840.85000000,24845.60000000,60.00,17.03571429,33.822669,0.00068566,-1,0,0,0,0.00000000,0.00000000,0.00000000,0.00000000,0.00000000,0.00000000,0.00000000,0.00000000,0.00000000,0.00000000,0.00000000,0.00000000,0.00000000,0.00000000,0.00000000,0.00000000,0.00000000,0.00000000,0.00000000,0.00000000,0.00000000,0.00000000,0.000000,0.000000,1.000000,PASS,1.500000,2.000000,24.000000,1.500000,2.000000,24.000000,PASS,0,6.000000,12.000000,6.000000,12.000000,24,0,,0.000000,0,0.000000,1.34149301,0.00000000,adaptive_quantile,1,28,0.1.4,1.0,0.1.2,0.1.0q,0.1.0,0.1.0,0.1.0,0.1
2026.02.20 02:45,US100,PERIOD_M5,Bid,24845.60000000,24855.85000000,24845.60000000,24850.10000000,60.00,16.71428571,36.962361,0.00067260,-1,0,0,0,0.00000000,0.00000000,0.00000000,0.00000000,0.00000000,0.00000000,0.00000000,0.00000000,0.00000000,0.00000000,0.00000000,0.00000000,0.00000000,0.00000000,0.00000000,0.00000000,0.00000000,0.00000000,0.00000000,0.00000000,0.00000000,0.00000000,0.000000,0.000000,1.000000,PASS,1.500000,2.000000,24.000000,1.500000,2.000000,24.000000,PASS,0,6.000000,12.000000,6.000000,12.000000,24,0,,0.000000,0,0.000000,1.48066251,0.00000000,adaptive_quantile,1,29,0.1.4,1.0,0.1.2,0.1.0q,0.1.0,0.1.0,0.1.0,0.1
2026.02.20 02:50,US100,PERIOD_M5,Bid,24850.35000000,24854.85000000,24848.60000000,24851.85000000,60.00,16.62500000,39.683428,0.00066896,-1,0,0,0,0.00000000,0.00000000,0.00000000,0.00000000,0.00000000,0.00000000,0.00000000,0.00000000,0.00000000,0.00000000,0.00000000,0.00000000,0.00000000,0.00000000,0.00000000,0.00000000,0.00000000,0.00000000,0.00000000,0.00000000,0.00000000,0.00000000,0.000000,0.000000,1.000000,PASS,1.500000,2.000000,24.000000,1.500000,2.000000,24.000000,PASS,0,6.000000,12.000000,6.000000,12.000000,24,0,,0.000000,0,0.000000,1.44207979,0.00000000,adaptive_quantile,1,30,0.1.4,1.0,0.1.2,0.1.0q,0.1.0,0.1.0,0.1.0,0.1
2026.02.20 02:55,US100,PERIOD_M5,Bid,24852.10000000,24854.35000000,24846.10000000,24849.60000000,60.00,16.21428571,39.465619,0.00065250,-1,0,0,0,0.00000000,0.00000000,0.00000000,0.00000000,0.00000000,0.00000000,0.00000000,0.00000000,0.00000000,0.00000000,0.00000000,0.00000000,0.00000000,0.00000000,0.00000000,0.00000000,0.00000000,0.00000000,0.00000000,0.00000000,0.00000000,0.00000000,0.000000,0.000000,1.000000,PASS,1.500000,2.000000,24.000000,1.500000,2.000000,24.000000,PASS,0,6.000000,12.000000,6.000000,12.000000,24,0,,0.000000,0,0.000000,1.21223775,0.00000000,adaptive_quantile,1,31,0.1.4,1.0,0.1.2,0.1.0q,0.1.0,0.1.0,0.1.0,0.1
2026.02.20 03:00,US100,PERIOD_M5,Bid,24849.35000000,24857.35000000,24846.10000000,24853.10000000,60.00,15.98214286,40.192410,0.00064306,-1,0,0,0,0.00000000,0.00000000,0.00000000,0.00000000,0.00000000,0.00000000,0.00000000,0.00000000,0.00000000,0.00000000,0.00000000,0.00000000,0.00000000,0.00000000,0.00000000,0.00000000,0.00000000,0.00000000,0.00000000,0.00000000,0.00000000,0.00000000,0.000000,0.000000,1.000000,PASS,1.500000,2.000000,24.000000,1.500000,2.000000,24.000000,PASS,0,6.000000,12.000000,6.000000,12.000000,24,0,,0.000000,0,0.000000,1.31085532,0.00000000,adaptive_quantile,1,32,0.1.4,1.0,0.1.2,0.1.0q,0.1.0,0.1.0,0.1.0,0.1
2026.02.20 03:05,US100,PERIOD_M5,Bid,24853.10000000,24864.35000000,24851.85000000,24854.35000000,60.00,16.14285714,42.377238,0.00064950,-1,0,0,0,0.00000000,0.00000000,0.00000000,0.00000000,0.00000000,0.00000000,0.00000000,0.00000000,0.00000000,0.00000000,0.00000000,0.00000000,0.00000000,0.00000000,0.00000000,0.00000000,0.00000000,0.00000000,0.00000000,0.00000000,0.00000000,0.00000000,0.000000,0.000000,1.000000,PASS,1.500000,2.000000,24.000000,1.500000,2.000000,24.000000,PASS,0,6.000000,12.000000,6.000000,12.000000,24,0,,0.000000,0,0.000000,1.24426331,0.00000000,adaptive_quantile,1,33,0.1.4,1.0,0.1.2,0.1.0q,0.1.0,0.1.0,0.1.0,0.1
2026.02.20 03:10,US100,PERIOD_M5,Bid,24853.85000000,24883.10000000,24853.85000000,24880.10000000,60.00,16.32142857,45.535918,0.00065600,-1,0,0,0,0.00000000,0.00000000,0.00000000,0.00000000,0.00000000,0.00000000,0.00000000,0.00000000,0.00000000,0.00000000,0.00000000,0.00000000,0.00000000,0.00000000,0.00000000,0.00000000,0.00000000,0.00000000,0.00000000,0.00000000,0.00000000,0.00000000,0.000000,0.000000,1.000000,PASS,1.500000,2.000000,24.000000,1.500000,2.000000,24.000000,PASS,0,6.000000,12.000000,6.000000,12.000000,24,0,,0.000000,0,0.000000,2.54087041,0.00000000,adaptive_quantile,1,34,0.1.4,1.0,0.1.2,0.1.0q,0.1.0,0.1.0,0.1.0,0.1
2026.02.20 03:15,US100,PERIOD_M5,Bid,24879.85000000,24879.85000000,24856.10000000,24863.60000000,60.00,17.03571429,48.273441,0.00068517,-1,0,0,0,0.00000000,0.00000000,0.00000000,0.00000000,0.00000000,0.00000000,0.00000000,0.00000000,0.00000000,0.00000000,0.00000000,0.00000000,0.00000000,0.00000000,0.00000000,0.00000000,0.00000000,0.00000000,0.00000000,0.00000000,0.00000000,0.00000000,0.000000,0.000000,1.000000,PASS,1.500000,2.000000,24.000000,1.500000,2.000000,24.000000,PASS,0,6.000000,12.000000,6.000000,12.000000,24,0,,0.000000,0,0.000000,1.32618326,0.00000000,adaptive_quantile,1,35,0.1.4,1.0,0.1.2,0.1.0q,0.1.0,0.1.0,0.1.0,0.1
2026.02.20 03:20,US100,PERIOD_M5,Bid,24863.60000000,24874.60000000,24863.10000000,24870.85000000,60.00,16.50000000,50.645961,0.00066343,-1,0,0,0,0.00000000,0.00000000,0.00000000,0.00000000,0.00000000,0.00000000,0.00000000,0.00000000,0.00000000,0.00000000,0.00000000,0.00000000,0.00000000,0.00000000,0.00000000,0.00000000,0.00000000,0.00000000,0.00000000,0.00000000,0.00000000,0.00000000,0.000000,0.000000,1.000000,PASS,1.500000,2.000000,24.000000,1.500000,2.000000,24.000000,PASS,0,6.000000,12.000000,6.000000,12.000000,24,0,,0.000000,0,0.000000,1.63638414,0.00000000,adaptive_quantile,1,36,0.1.4,1.0,0.1.2,0.1.0q,0.1.0,0.1.0,0.1.0,0.1
2026.02.20 03:25,US100,PERIOD_M5,Bid,24871.10000000,24872.85000000,24859.60000000,24869.35000000,60.00,15.78571429,50.011364,0.00063475,-1,0,0,0,0.00000000,0.00000000,0.00000000,0.00000000,0.00000000,0.00000000,0.00000000,0.00000000,0.00000000,0.00000000,0.00000000,0.00000000,0.00000000,0.00000000,0.00000000,0.00000000,0.00000000,0.00000000,0.00000000,0.00000000,0.00000000,0.00000000,0.000000,0.000000,1.000000,PASS,1.500000,2.000000,24.000000,1.500000,2.000000,24.000000,PASS,0,6.000000,12.000000,6.000000,12.000000,24,0,,0.000000,0,0.000000,1.46155785,0.00000000,adaptive_quantile,1,37,0.1.4,1.0,0.1.2,0.1.0q,0.1.0,0.1.0,0.1.0,0.1
2026.02.20 03:30,US100,PERIOD_M5,Bid,24866.85000000,24873.35000000,24862.35000000,24866.85000000,60.00,15.26785714,49.631368,0.00061398,-1,0,0,0,0.00000000,0.00000000,0.00000000,0.00000000,0.00000000,0.00000000,0.00000000,0.00000000,0.00000000,0.00000000,0.00000000,0.00000000,0.00000000,0.00000000,0.00000000,0.00000000,0.00000000,0.00000000,0.00000000,0.00000000,0.00000000,0.00000000,0.000000,0.000000,1.000000,PASS,1.500000,2.000000,24.000000,1.500000,2.000000,24.000000,PASS,0,6.000000,12.000000,6.000000,12.000000,24,0,,0.000000,0,0.000000,1.21906576,0.00000000,adaptive_quantile,1,38,0.1.4,1.0,0.1.2,0.1.0q,0.1.0,0.1.0,0.1.0,0.1
2026.02.20 03:35,US100,PERIOD_M5,Bid,24865.35000000,24869.10000000,24858.35000000,24860.60000000,60.00,13.87500000,45.730396,0.00055811,-1,0,0,0,0.00000000,0.00000000,0.00000000,0.00000000,0.00000000,0.00000000,0.00000000,0.00000000,0.00000000,0.00000000,0.00000000,0.00000000,0.00000000,0.00000000,0.00000000,0.00000000,0.00000000,0.00000000,0.00000000,0.00000000,0.00000000,0.00000000,0.000000,0.000000,1.000000,PASS,1.500000,2.000000,24.000000,1.500000,2.000000,24.000000,PASS,0,6.000000,12.000000,6.000000,12.000000,24,0,,0.000000,0,0.000000,0.80613613,0.00000000,adaptive_quantile,1,39,0.1.4,1.0,0.1.2,0.1.0q,0.1.0,0.1.0,0.1.0,0.1
2026.02.20 03:40,US100,PERIOD_M5,Bid,24860.35000000,24860.85000000,24846.85000000,24849.35000000,60.00,13.25000000,42.000780,0.00053321,-1,0,0,0,0.00000000,0.00000000,0.00000000,0.00000000,0.00000000,0.00000000,0.00000000,0.00000000,0.00000000,0.00000000,0.00000000,0.00000000,0.00000000,0.00000000,0.00000000,0.00000000,0.00000000,0.00000000,0.00000000,0.00000000,0.00000000,0.00000000,0.000000,0.000000,1.000000,PASS,1.500000,2.000000,24.000000,1.500000,2.000000,24.000000,PASS,0,6.000000,12.000000,6.000000,12.000000,24,0,,0.000000,0,0.000000,0.00442898,0.00000000,adaptive_quantile,1,40,0.1.4,1.0,0.1.2,0.1.0q,0.1.0,0.1.0,0.1.0,0.1
2026.02.20 03:45,US100,PERIOD_M5,Bid,24849.60000000,24851.60000000,24841.60000000,24842.60000000,60.00,12.75000000,40.845032,0.00051323,-1,0,0,0,0.00000000,0.00000000,0.00000000,0.00000000,0.00000000,0.00000000,0.00000000,0.00000000,0.00000000,0.00000000,0.00000000,0.00000000,0.00000000,0.00000000,0.00000000,0.00000000,0.00000000,0.00000000,0.00000000,0.00000000,0.00000000,0.00000000,0.000000,0.000000,1.000000,PASS,1.500000,2.000000,24.000000,1.500000,2.000000,24.000000,PASS,0,6.000000,12.000000,6.000000,12.000000,24,0,,0.000000,0,0.000000,0.48315591,0.00000000,adaptive_quantile,1,41,0.1.4,1.0,0.1.2,0.1.0q,0.1.0,0.1.0,0.1.0,0.1
2026.02.20 03:50,US100,PERIOD_M5,Bid,24842.35000000,24860.85000000,24839.60000000,24855.10000000,60.00,13.82142857,37.116588,0.00055608,-1,0,0,0,0.00000000,0.00000000,0.00000000,0.00000000,0.00000000,0.00000000,0.00000000,0.00000000,0.00000000,0.00000000,0.00000000,0.00000000,0.00000000,0.00000000,0.00000000,0.00000000,0.00000000,0.00000000,0.00000000,0.00000000,0.00000000,0.00000000,0.000000,0.000000,1.000000,PASS,1.500000,2.000000,24.000000,1.500000,2.000000,24.000000,PASS,0,6.000000,12.000000,6.000000,12.000000,24,0,,0.000000,0,0.000000,0.41500596,0.00000000,adaptive_quantile,1,42,0.1.4,1.0,0.1.2,0.1.0q,0.1.0,0.1.0,0.1.0,0.1
2026.02.20 03:55,US100,PERIOD_M5,Bid,24855.35000000,24866.85000000,24852.85000000,24854.60000000,60.00,14.08928571,32.683559,0.00056687,-1,0,0,0,0.00000000,0.00000000,0.00000000,0.00000000,0.00000000,0.00000000,0.00000000,0.00000000,0.00000000,0.00000000,0.00000000,0.00000000,0.00000000,0.00000000,0.00000000,0.00000000,0.00000000,0.00000000,0.00000000,0.00000000,0.00000000,0.00000000,0.000000,0.000000,1.000000,PASS,1.500000,2.000000,24.000000,1.500000,2.000000,24.000000,PASS,0,6.000000,12.000000,6.000000,12.000000,24,0,,0.000000,0,0.000000,0.33623500,0.00000000,adaptive_quantile,1,43,0.1.4,1.0,0.1.2,0.1.0q,0.1.0,0.1.0,0.1.0,0.1
2026.02.20 04:00,US100,PERIOD_M5,Bid,24855.35000000,24880.85000000,24855.35000000,24880.35000000,60.00,15.51785714,31.092962,0.00062370,-1,0,0,0,0.00000000,0.00000000,0.00000000,0.00000000,0.00000000,0.00000000,0.00000000,0.00000000,0.00000000,0.00000000,0.00000000,0.00000000,0.00000000,0.00000000,0.00000000,0.00000000,0.00000000,0.00000000,0.00000000,0.00000000,0.00000000,0.00000000,0.000000,0.000000,1.000000,PASS,1.500000,2.000000,24.000000,1.500000,2.000000,24.000000,PASS,0,6.000000,12.000000,6.000000,12.000000,24,0,,0.000000,0,0.000000,1.77754939,0.00000000,adaptive_quantile,1,44,0.1.4,1.0,0.1.2,0.1.0q,0.1.0,0.1.0,0.1.0,0.1
2026.02.20 04:05,US100,PERIOD_M5,Bid,24880.85000000,24881.85000000,24862.60000000,24864.60000000,60.00,16.30357143,29.918989,0.00065569,-1,0,0,0,0.00000000,0.00000000,0.00000000,0.00000000,0.00000000,0.00000000,0.00000000,0.00000000,0.00000000,0.00000000,0.00000000,0.00000000,0.00000000,0.00000000,0.00000000,0.00000000,0.00000000,0.00000000,0.00000000,0.00000000,0.00000000,0.00000000,0.000000,0.000000,1.000000,PASS,1.500000,2.000000,24.000000,1.500000,2.000000,24.000000,PASS,0,6.000000,12.000000,6.000000,12.000000,24,0,,0.000000,0,0.000000,0.65671090,0.00000000,adaptive_quantile,1,45,0.1.4,1.0,0.1.2,0.1.0q,0.1.0,0.1.0,0.1.0,0.1
2026.02.20 04:10,US100,PERIOD_M5,Bid,24864.35000000,24865.10000000,24839.85000000,24841.35000000,60.00,17.30357143,27.510938,0.00069656,-1,0,0,0,0.00000000,0.00000000,0.00000000,0.00000000,0.00000000,0.00000000,0.00000000,0.00000000,0.00000000,0.00000000,0.00000000,0.00000000,0.00000000,0.00000000,0.00000000,0.00000000,0.00000000,0.00000000,0.00000000,0.00000000,0.00000000,0.00000000,0.000000,0.000000,1.000000,PASS,1.500000,2.000000,24.000000,1.500000,2.000000,24.000000,PASS,0,6.000000,12.000000,6.000000,12.000000,24,0,,0.000000,0,0.000000,0.65585710,0.00000000,adaptive_quantile,1,46,0.1.4,1.0,0.1.2,0.1.0q,0.1.0,0.1.0,0.1.0,0.1
2026.02.20 04:15,US100,PERIOD_M5,Bid,24841.85000000,24850.10000000,24832.85000000,24841.10000000,60.00,17.64285714,26.913230,0.00071023,-1,0,0,0,0.00000000,0.00000000,0.00000000,0.00000000,0.00000000,0.00000000,0.00000000,0.00000000,0.00000000,0.00000000,0.00000000,0.00000000,0.00000000,0.00000000,0.00000000,0.00000000,0.00000000,0.00000000,0.00000000,0.00000000,0.00000000,0.00000000,0.000000,0.000000,1.000000,PASS,1.500000,2.000000,24.000000,1.500000,2.000000,24.000000,PASS,0,6.000000,12.000000,6.000000,12.000000,24,0,,0.000000,0,0.000000,0.59480360,0.00000000,adaptive_quantile,1,47,0.1.4,1.0,0.1.2,0.1.0q,0.1.0,0.1.0,0.1.0,0.1
2026.02.20 04:20,US100,PERIOD_M5,Bid,24841.10000000,24843.85000000,24834.35000000,24842.10000000,60.00,16.23214286,26.395216,0.00065341,-1,0,0,0,0.00000000,0.00000000,0.00000000,0.00000000,0.00000000,0.00000000,0.00000000,0.00000000,0.00000000,0.00000000,0.00000000,0.00000000,0.00000000,0.00000000,0.00000000,0.00000000,0.00000000,0.00000000,0.00000000,0.00000000,0.00000000,0.00000000,0.000000,0.000000,1.000000,PASS,1.500000,2.000000,24.000000,1.500000,2.000000,24.000000,PASS,0,6.000000,12.000000,6.000000,12.000000,24,0,,0.000000,0,0.000000,0.52918713,0.00000000,adaptive_quantile,1,48,0.1.4,1.0,0.1.2,0.1.0q,0.1.0,0.1.0,0.1.0,0.1
2026.02.20 04:25,US100,PERIOD_M5,Bid,24842.35000000,24842.35000000,24832.10000000,24836.10000000,60.00,15.25000000,26.804573,0.00061403,-1,0,0,0,0.00000000,0.00000000,0.00000000,0.00000000,0.00000000,0.00000000,0.00000000,0.00000000,0.00000000,0.00000000,0.00000000,0.00000000,0.00000000,0.00000000,0.00000000,0.00000000,0.00000000,0.00000000,0.00000000,0.00000000,0.00000000,0.00000000,0.000000,0.000000,1.000000,PASS,1.500000,2.000000,24.000000,1.500000,2.000000,24.000000,PASS,0,6.000000,12.000000,6.000000,12.000000,24,0,,0.000000,0,0.000000,0.86559557,0.00000000,adaptive_quantile,1,49,0.1.4,1.0,0.1.2,0.1.0q,0.1.0,0.1.0,0.1.0,0.1
2026.02.20 04:30,US100,PERIOD_M5,Bid,24836.10000000,24849.10000000,24835.60000000,24843.60000000,60.00,15.39285714,24.048832,0.00061959,-1,0,0,0,0.00000000,0.00000000,0.00000000,0.00000000,0.00000000,0.00000000,0.00000000,0.00000000,0.00000000,0.00000000,0.00000000,0.00000000,0.00000000,0.00000000,0.00000000,0.00000000,0.00000000,0.00000000,0.00000000,0.00000000,0.00000000,0.00000000,0.000000,0.000000,1.000000,PASS,1.500000,2.000000,24.000000,1.500000,2.000000,24.000000,PASS,0,6.000000,12.000000,6.000000,12.000000,24,0,,0.000000,0,0.000000,0.33505434,0.00000000,adaptive_quantile,1,50,0.1.4,1.0,0.1.2,0.1.0q,0.1.0,0.1.0,0.1.0,0.1
2026.02.20 04:35,US100,PERIOD_M5,Bid,24843.85000000,24854.85000000,24841.85000000,24848.35000000,60.00,15.37500000,22.222595,0.00061875,-1,0,0,0,0.00000000,0.00000000,0.00000000,0.00000000,0.00000000,0.00000000,0.00000000,0.00000000,0.00000000,0.00000000,0.00000000,0.00000000,0.00000000,0.00000000,0.00000000,0.00000000,0.00000000,0.00000000,0.00000000,0.00000000,0.00000000,0.00000000,0.000000,0.000000,1.000000,PASS,1.500000,2.000000,24.000000,1.500000,2.000000,24.000000,PASS,0,6.000000,12.000000,6.000000,12.000000,24,0,,0.000000,0,0.000000,0.02397655,0.00000000,adaptive_quantile,1,51,0.1.4,1.0,0.1.2,0.1.0q,0.1.0,0.1.0,0.1.0,0.1
2026.02.20 04:40,US100,PERIOD_M5,Bid,24848.35000000,24852.10000000,24836.60000000,24837.60000000,60.00,15.69642857,19.655237,0.00063196,-1,0,0,0,0.00000000,0.00000000,0.00000000,0.00000000,0.00000000,0.00000000,0.00000000,0.00000000,0.00000000,0.00000000,0.00000000,0.00000000,0.00000000,0.00000000,0.00000000,0.00000000,0.00000000,0.00000000,0.00000000,0.00000000,0.00000000,0.00000000,0.000000,0.000000,1.000000,PASS,1.500000,2.000000,24.000000,1.500000,2.000000,24.000000,PASS,0,6.000000,12.000000,6.000000,12.000000,24,0,,0.000000,0,0.000000,0.64089238,0.00000000,adaptive_quantile,1,52,0.1.4,1.0,0.1.2,0.1.0q,0.1.0,0.1.0,0.1.0,0.1
2026.02.20 04:45,US100,PERIOD_M5,Bid,24837.60000000,24840.85000000,24826.35000000,24837.60000000,60.00,15.96428571,20.343778,0.00064275,-1,0,0,0,0.00000000,0.00000000,0.00000000,0.00000000,0.00000000,0.00000000,0.00000000,0.00000000,0.00000000,0.00000000,0.00000000,0.00000000,0.00000000,0.00000000,0.00000000,0.00000000,0.00000000,0.00000000,0.00000000,0.00000000,0.00000000,0.00000000,0.000000,0.000000,1.000000,PASS,1.500000,2.000000,24.000000,1.500000,2.000000,24.000000,PASS,0,6.000000,12.000000,6.000000,12.000000,24,0,,0.000000,0,0.000000,0.57012590,0.00000000,adaptive_quantile,1,53,0.1.4,1.0,0.1.2,0.1.0q,0.1.0,0.1.0,0.1.0,0.1
2026.02.20 04:50,US100,PERIOD_M5,Bid,24837.85000000,24846.85000000,24836.35000000,24843.35000000,60.00,15.71428571,18.051551,0.00063253,-1,0,0,0,0.00000000,0.00000000,0.00000000,0.00000000,0.00000000,0.00000000,0.00000000,0.00000000,0.00000000,0.00000000,0.00000000,0.00000000,0.00000000,0.00000000,0.00000000,0.00000000,0.00000000,0.00000000,0.00000000,0.00000000,0.00000000,0.00000000,0.000000,0.000000,1.000000,PASS,1.500000,2.000000,24.000000,1.500000,2.000000,24.000000,PASS,0,6.000000,12.000000,6.000000,12.000000,24,0,,0.000000,0,0.000000,0.19297394,0.00000000,adaptive_quantile,1,54,0.1.4,1.0,0.1.2,0.1.0q,0.1.0,0.1.0,0.1.0,0.1
2026.02.20 04:55,US100,PERIOD_M5,Bid,24843.60000000,24849.35000000,24841.85000000,24844.60000000,60.00,15.53571429,16.663241,0.00062532,-1,0,0,0,0.00000000,0.00000000,0.00000000,0.00000000,0.00000000,0.00000000,0.00000000,0.00000000,0.00000000,0.00000000,0.00000000,0.00000000,0.00000000,0.00000000,0.00000000,0.00000000,0.00000000,0.00000000,0.00000000,0.00000000,0.00000000,0.00000000,0.000000,0.000000,1.000000,PASS,1.500000,2.000000,24.000000,1.500000,2.000000,24.000000,PASS,0,6.000000,12.000000,6.000000,12.000000,24,0,,0.000000,0,0.000000,0.10380538,0.00000000,adaptive_quantile,1,55,0.1.4,1.0,0.1.2,0.1.0q,0.1.0,0.1.0,0.1.0,0.1
2026.02.20 05:00,US100,PERIOD_M5,Bid,24844.35000000,24855.85000000,24842.85000000,24849.60000000,60.00,14.94642857,17.347976,0.00060148,-1,0,0,0,0.00000000,0.00000000,0.00000000,0.00000000,0.00000000,0.00000000,0.00000000,0.00000000,0.00000000,0.00000000,0.00000000,0.00000000,0.00000000,0.00000000,0.00000000,0.00000000,0.00000000,0.00000000,0.00000000,0.00000000,0.00000000,0.00000000,0.000000,0.000000,1.000000,PASS,1.500000,2.000000,24.000000,1.500000,2.000000,24.000000,PASS,0,6.000000,12.000000,6.000000,12.000000,24,0,,0.000000,0,0.000000,0.20504620,0.00000000,adaptive_quantile,1,56,0.1.4,1.0,0.1.2,0.1.0q,0.1.0,0.1.0,0.1.0,0.1
2026.02.20 05:05,US100,PERIOD_M5,Bid,24849.85000000,24851.10000000,24842.35000000,24846.10000000,60.00,14.57142857,17.619610,0.00058647,-1,0,0,0,0.00000000,0.00000000,0.00000000,0.00000000,0.00000000,0.00000000,0.00000000,0.00000000,0.00000000,0.00000000,0.00000000,0.00000000,0.00000000,0.00000000,0.00000000,0.00000000,0.00000000,0.00000000,0.00000000,0.00000000,0.00000000,0.00000000,0.000000,0.000000,1.000000,PASS,1.500000,2.000000,24.000000,1.500000,2.000000,24.000000,PASS,0,6.000000,12.000000,6.000000,12.000000,24,0,,0.000000,0,0.000000,0.02702791,0.00000000,adaptive_quantile,1,57,0.1.4,1.0,0.1.2,0.1.0q,0.1.0,0.1.0,0.1.0,0.1
2026.02.20 05:10,US100,PERIOD_M5,Bid,24846.35000000,24853.85000000,24846.10000000,24852.35000000,60.00,13.25000000,19.191378,0.00053315,-1,0,0,0,0.00000000,0.00000000,0.00000000,0.00000000,0.00000000,0.00000000,0.00000000,0.00000000,0.00000000,0.00000000,0.00000000,0.00000000,0.00000000,0.00000000,0.00000000,0.00000000,0.00000000,0.00000000,0.00000000,0.00000000,0.00000000,0.00000000,0.000000,0.000000,1.000000,PASS,1.500000,2.000000,24.000000,1.500000,2.000000,24.000000,PASS,0,6.000000,12.000000,6.000000,12.000000,24,0,,0.000000,0,0.000000,0.39988187,0.00000000,adaptive_quantile,1,58,0.1.4,1.0,0.1.2,0.1.0q,0.1.0,0.1.0,0.1.0,0.1
2026.02.20 05:15,US100,PERIOD_M5,Bid,24852.35000000,24855.10000000,24849.85000000,24854.10000000,60.00,12.25000000,21.380028,0.00049288,-1,0,0,0,0.00000000,0.00000000,0.00000000,0.00000000,0.00000000,0.00000000,0.00000000,0.00000000,0.00000000,0.00000000,0.00000000,0.00000000,0.00000000,0.00000000,0.00000000,0.00000000,0.00000000,0.00000000,0.00000000,0.00000000,0.00000000,0.00000000,0.000000,0.000000,1.000000,PASS,1.500000,2.000000,24.000000,1.500000,2.000000,24.000000,PASS,0,6.000000,12.000000,6.000000,12.000000,24,0,,0.000000,0,0.000000,0.52058410,0.00000000,adaptive_quantile,1,59,0.1.4,1.0,0.1.2,0.1.0q,0.1.0,0.1.0,0.1.0,0.1
2026.02.20 05:20,US100,PERIOD_M5,Bid,24854.10000000,24857.35000000,24852.85000000,24857.35000000,60.00,10.76785714,24.783109,0.00043319,-1,0,0,0,0.00000000,0.00000000,0.00000000,0.00000000,0.00000000,0.00000000,0.00000000,0.00000000,0.00000000,0.00000000,0.00000000,0.00000000,0.00000000,0.00000000,0.00000000,0.00000000,0.00000000,0.00000000,0.00000000,0.00000000,0.00000000,0.00000000,0.000000,0.000000,1.000000,PASS,1.500000,2.000000,24.000000,1.500000,2.000000,24.000000,PASS,0,6.000000,12.000000,6.000000,12.000000,24,0,,0.000000,0,0.000000,0.80891520,0.00000000,adaptive_quantile,1,60,0.1.4,1.0,0.1.2,0.1.0q,0.1.0,0.1.0,0.1.0,0.1
2026.02.20 05:25,US100,PERIOD_M5,Bid,24857.35000000,24858.60000000,24848.60000000,24850.35000000,60.00,10.25000000,24.857025,0.00041247,-1,0,0,0,0.00000000,0.00000000,0.00000000,0.00000000,0.00000000,0.00000000,0.00000000,0.00000000,0.00000000,0.00000000,0.00000000,0.00000000,0.00000000,0.00000000,0.00000000,0.00000000,0.00000000,0.00000000,0.00000000,0.00000000,0.00000000,0.00000000,0.000000,0.000000,1.000000,PASS,1.500000,2.000000,24.000000,1.500000,2.000000,24.000000,PASS,0,6.000000,12.000000,6.000000,12.000000,24,0,,0.000000,0,0.000000,0.15096577,0.00000000,adaptive_quantile,1,61,0.1.4,1.0,0.1.2,0.1.0q,0.1.0,0.1.0,0.1.0,0.1
2026.02.20 05:30,US100,PERIOD_M5,Bid,24850.60000000,24854.10000000,24846.85000000,24851.35000000,60.00,10.08928571,23.454461,0.00040599,-1,0,0,0,0.00000000,0.00000000,0.00000000,0.00000000,0.00000000,0.00000000,0.00000000,0.00000000,0.00000000,0.00000000,0.00000000,0.00000000,0.00000000,0.00000000,0.00000000,0.00000000,0.00000000,0.00000000,0.00000000,0.00000000,0.00000000,0.00000000,0.000000,0.000000,1.000000,PASS,1.500000,2.000000,24.000000,1.500000,2.000000,24.000000,PASS,0,6.000000,12.000000,6.000000,12.000000,24,0,,0.000000,0,0.000000,0.22843934,0.00000000,adaptive_quantile,1,62,0.1.4,1.0,0.1.2,0.1.0q,0.1.0,0.1.0,0.1.0,0.1
2026.02.20 05:35,US100,PERIOD_M5,Bid,24851.10000000,24853.10000000,24845.60000000,24846.10000000,60.00,9.89285714,21.242643,0.00039817,-1,0,0,0,0.00000000,0.00000000,0.00000000,0.00000000,0.00000000,0.00000000,0.00000000,0.00000000,0.00000000,0.00000000,0.00000000,0.00000000,0.00000000,0.00000000,0.00000000,0.00000000,0.00000000,0.00000000,0.00000000,0.00000000,0.00000000,0.00000000,0.000000,0.000000,1.000000,PASS,1.500000,2.000000,24.000000,1.500000,2.000000,24.000000,PASS,0,6.000000,12.000000,6.000000,12.000000,24,0,,0.000000,0,0.000000,0.26935738,0.00000000,adaptive_quantile,1,63,0.1.4,1.0,0.1.2,0.1.0q,0.1.0,0.1.0,0.1.0,0.1
2026.02.20 05:40,US100,PERIOD_M5,Bid,24845.85000000,24846.35000000,24837.10000000,24838.10000000,60.00,9.58928571,21.679078,0.00038607,-1,0,0,0,0.00000000,0.00000000,0.00000000,0.00000000,0.00000000,0.00000000,0.00000000,0.00000000,0.00000000,0.00000000,0.00000000,0.00000000,0.00000000,0.00000000,0.00000000,0.00000000,0.00000000,0.00000000,0.00000000,0.00000000,0.00000000,0.00000000,0.000000,0.000000,1.000000,PASS,1.500000,2.000000,24.000000,1.500000,2.000000,24.000000,PASS,0,6.000000,12.000000,6.000000,12.000000,24,0,,0.000000,0,0.000000,1.00623000,0.00000000,adaptive_quantile,1,64,0.1.4,1.0,0.1.2,0.1.0q,0.1.0,0.1.0,0.1.0,0.1
2026.02.20 05:45,US100,PERIOD_M5,Bid,24838.35000000,24848.60000000,24836.85000000,24848.35000000,60.00,9.50000000,20.962391,0.00038232,-1,0,0,0,0.00000000,0.00000000,0.00000000,0.00000000,0.00000000,0.00000000,0.00000000,0.00000000,0.00000000,0.00000000,0.00000000,0.00000000,0.00000000,0.00000000,0.00000000,0.00000000,0.00000000,0.00000000,0.00000000,0.00000000,0.00000000,0.00000000,0.000000,0.000000,1.000000,PASS,1.500000,2.000000,24.000000,1.500000,2.000000,24.000000,PASS,0,6.000000,12.000000,6.000000,12.000000,24,0,,0.000000,0,0.000000,0.05723552,0.00000000,adaptive_quantile,1,65,0.1.4,1.0,0.1.2,0.1.0q,0.1.0,0.1.0,0.1.0,0.1
2026.02.20 05:50,US100,PERIOD_M5,Bid,24848.35000000,24850.35000000,24842.35000000,24843.85000000,60.00,8.96428571,19.101023,0.00036083,-1,0,0,0,0.00000000,0.00000000,0.00000000,0.00000000,0.00000000,0.00000000,0.00000000,0.00000000,0.00000000,0.00000000,0.00000000,0.00000000,0.00000000,0.00000000,0.00000000,0.00000000,0.00000000,0.00000000,0.00000000,0.00000000,0.00000000,0.00000000,0.000000,0.000000,1.000000,PASS,1.500000,2.000000,24.000000,1.500000,2.000000,24.000000,PASS,0,6.000000,12.000000,6.000000,12.000000,24,0,,0.000000,0,0.000000,0.39930405,0.00000000,adaptive_quantile,1,66,0.1.4,1.0,0.1.2,0.1.0q,0.1.0,0.1.0,0.1.0,0.1
2026.02.20 05:55,US100,PERIOD_M5,Bid,24843.85000000,24844.35000000,24836.60000000,24837.60000000,60.00,8.48214286,20.443717,0.00034150,-1,0,0,0,0.00000000,0.00000000,0.00000000,0.00000000,0.00000000,0.00000000,0.00000000,0.00000000,0.00000000,0.00000000,0.00000000,0.00000000,0.00000000,0.00000000,0.00000000,0.00000000,0.00000000,0.00000000,0.00000000,0.00000000,0.00000000,0.00000000,0.000000,0.000000,1.000000,PASS,1.500000,2.000000,24.000000,1.500000,2.000000,24.000000,PASS,0,6.000000,12.000000,6.000000,12.000000,24,0,,0.000000,0,0.000000,1.04847740,0.00000000,adaptive_quantile,1,67,0.1.4,1.0,0.1.2,0.1.0q,0.1.0,0.1.0,0.1.0,0.1
2026.02.20 06:00,US100,PERIOD_M5,Bid,24837.85000000,24843.10000000,24833.10000000,24839.10000000,60.00,8.44642857,22.692033,0.00034005,-1,0,0,0,0.00000000,0.00000000,0.00000000,0.00000000,0.00000000,0.00000000,0.00000000,0.00000000,0.00000000,0.00000000,0.00000000,0.00000000,0.00000000,0.00000000,0.00000000,0.00000000,0.00000000,0.00000000,0.00000000,0.00000000,0.00000000,0.00000000,0.000000,0.000000,1.000000,PASS,1.500000,2.000000,24.000000,1.500000,2.000000,24.000000,PASS,0,6.000000,12.000000,6.000000,12.000000,24,0,,0.000000,0,0.000000,0.79195696,0.00000000,adaptive_quantile,1,68,0.1.4,1.0,0.1.2,0.1.0q,0.1.0,0.1.0,0.1.0,0.1
2026.02.20 06:05,US100,PERIOD_M5,Bid,24839.10000000,24859.10000000,24839.10000000,24856.10000000,60.00,9.33928571,20.384343,0.00037573,-1,0,0,0,0.00000000,0.00000000,0.00000000,0.00000000,0.00000000,0.00000000,0.00000000,0.00000000,0.00000000,0.00000000,0.00000000,0.00000000,0.00000000,0.00000000,0.00000000,0.00000000,0.00000000,0.00000000,0.00000000,0.00000000,0.00000000,0.00000000,0.000000,0.000000,1.000000,PASS,1.500000,2.000000,24.000000,1.500000,2.000000,24.000000,PASS,0,6.000000,12.000000,6.000000,12.000000,24,0,,0.000000,0,0.000000,0.99887852,0.00000000,adaptive_quantile,1,69,0.1.4,1.0,0.1.2,0.1.0q,0.1.0,0.1.0,0.1.0,0.1
2026.02.20 06:10,US100,PERIOD_M5,Bid,24855.85000000,24859.85000000,24851.85000000,24859.10000000,60.00,8.98214286,17.956094,0.00036132,-1,0,0,0,0.00000000,0.00000000,0.00000000,0.00000000,0.00000000,0.00000000,0.00000000,0.00000000,0.00000000,0.00000000,0.00000000,0.00000000,0.00000000,0.00000000,0.00000000,0.00000000,0.00000000,0.00000000,0.00000000,0.00000000,0.00000000,0.00000000,0.000000,0.000000,1.000000,PASS,1.500000,2.000000,24.000000,1.500000,2.000000,24.000000,PASS,0,6.000000,12.000000,6.000000,12.000000,24,0,,0.000000,0,0.000000,1.24186839,0.00000000,adaptive_quantile,1,70,0.1.4,1.0,0.1.2,0.1.0q,0.1.0,0.1.0,0.1.0,0.1
2026.02.20 06:15,US100,PERIOD_M5,Bid,24859.60000000,24861.35000000,24844.85000000,24845.35000000,60.00,9.53571429,17.642377,0.00038380,0,0,0,0,-0.00055327,0.00025159,-0.00035212,1.73033702,-1.49438202,-0.93939394,-0.24625145,0.46373203,-0.02592121,-0.01903227,0.17642377,0.06292135,-0.63077253,-0.77596778,1.00000000,0.00000000,0.00000000,0.00000000,0.00000000,0.00000000,0.00000000,0.00000000,0.800000,0.100000,0.100000,LONG,6.000000,12.000000,72.000000,6.000000,12.000000,72.000000,LONG,0,6.000000,12.000000,6.000000,12.000000,72,1,,0.371667,6,0.011333,0.24625145,1.46155785,adaptive_quantile,1,71,0.1.4,1.0,0.1.2,0.1.0q,0.1.0,0.1.0,0.1.0,0.1
2026.02.20 06:20,US100,PERIOD_M5,Bid,24845.35000000,24847.60000000,24841.35000000,24845.60000000,60.00,9.42857143,19.316577,0.00037949,0,0,0,0,0.00001006,-0.00042252,-0.00047281,0.66287881,0.02651515,0.36000001,-0.20134084,0.47608483,-0.02119377,-0.01622439,0.19316576,0.06363636,-0.63318789,-0.77399808,1.00000000,0.00000000,0.00000000,0.00000000,0.00000000,0.00000000,0.00000000,0.00000000,0.800000,0.100000,0.100000,LONG,6.000000,12.000000,72.000000,6.000000,12.000000,72.000000,LONG,0,0.000000,0.000000,0.000000,0.000000,72,1,,0.371667,6,0.011333,0.20134084,1.46155785,adaptive_quantile,0,0,0.1.4,1.0,0.1.2,0.1.0q,0.1.0,0.1.0,0.1.0,0.1
2026.02.20 06:25,US100,PERIOD_M5,Bid,24845.60000000,24850.85000000,24844.85000000,24849.85000000,60.00,9.48214286,17.958949,0.00038158,0,0,0,0,0.00017104,-0.00037217,-0.00002012,0.63276833,0.44821092,0.66666669,0.22438782,0.88546461,0.02361977,0.03257784,0.17958950,0.06327683,-0.63559711,-0.77202094,1.00000000,0.00000000,0.00000000,0.00000000,0.00000000,0.00000000,0.00000000,0.00000000,0.800000,0.100000,0.100000,LONG,6.000000,12.000000,72.000000,6.000000,12.000000,72.000000,LONG,0,0.000000,0.000000,0.000000,0.000000,72,1,,0.371667,6,0.011333,0.22438783,1.46155785,adaptive_quantile,0,0,0.1.4,1.0,0.1.2,0.1.0q,0.1.0,0.1.0,0.1.0,0.1
2026.02.20 06:30,US100,PERIOD_M5,Bid,24850.35000000,24851.10000000,24846.10000000,24847.35000000,60.00,9.51785714,16.535843,0.00038305,0,0,0,0,-0.00010061,0.00008049,-0.00016097,0.52532834,-0.31519699,-0.50000000,-0.03539276,0.59518462,-0.00372555,0.00209232,0.16535844,0.06303940,-0.63800013,-0.77003622,1.00000000,0.00000000,0.00000000,0.00000000,0.00000000,0.00000000,0.00000000,0.00000000,0.800000,0.100000,0.100000,LONG,6.000000,12.000000,72.000000,6.000000,12.000000,72.000000,LONG,0,0.000000,0.000000,0.000000,0.000000,72,1,,0.371667,6,0.011333,0.03539276,1.46155785,adaptive_quantile,0,0,0.1.4,1.0,0.1.2,0.1.0q,0.1.0,0.1.0,0.1.0,0.1
2026.02.20 06:35,US100,PERIOD_M5,Bid,24847.35000000,24847.35000000,24841.10000000,24841.35000000,60.00,9.25000000,18.247489,0.00037236,0,0,0,0,-0.00024150,-0.00017107,-0.00019120,0.67567569,-0.64864862,-0.92000002,-0.61982191,-0.03480821,-0.06524441,-0.06895342,0.18247490,0.06486487,-0.64039701,-0.76804405,1.00000000,0.00000000,0.00000000,0.00000000,0.00000000,0.00000000,0.00000000,0.00000000,0.800000,0.100000,0.100000,LONG,6.000000,12.000000,72.000000,6.000000,12.000000,72.000000,LONG,0,0.000000,0.000000,0.000000,0.000000,72,1,,0.371667,6,0.011333,0.61982189,1.46155785,adaptive_quantile,0,0,0.1.4,1.0,0.1.2,0.1.0q,0.1.0,0.1.0,0.1.0,0.1
2026.02.20 06:40,US100,PERIOD_M5,Bid,24841.35000000,24851.35000000,24840.60000000,24850.85000000,60.00,9.50000000,17.775494,0.00038228,0,0,0,0,0.00038235,0.00004024,0.00051319,1.13157892,1.00000000,0.90697676,0.35872835,0.92822123,0.03776088,0.04633441,0.17775494,0.06315789,-0.64278764,-0.76604444,1.00000000,0.00000000,0.00000000,0.00000000,0.00000000,0.00000000,0.00000000,0.00000000,0.800000,0.100000,0.100000,LONG,6.000000,12.000000,72.000000,6.000000,12.000000,72.000000,LONG,0,0.000000,0.000000,0.000000,0.000000,72,1,,0.371667,6,0.011333,0.35872834,1.46155785,adaptive_quantile,0,0,0.1.4,1.0,0.1.2,0.1.0q,0.1.0,0.1.0,0.1.0,0.1
2026.02.20 06:45,US100,PERIOD_M5,Bid,24850.85000000,24856.10000000,24847.35000000,24848.10000000,60.00,9.58928571,15.895301,0.00038592,0,0,0,0,-0.00011067,0.00003018,-0.00001006,0.91247672,-0.28677839,-0.82857144,0.06207556,0.60798448,0.00653427,0.01229928,0.15895301,0.06256983,-0.64517200,-0.76403737,1.00000000,0.00000000,0.00000000,0.00000000,0.00000000,0.00000000,0.00000000,0.00000000,0.800000,0.100000,0.100000,LONG,6.000000,12.000000,72.000000,6.000000,12.000000,72.000000,LONG,0,0.000000,0.000000,0.000000,0.000000,72,1,,0.371667,6,0.011333,0.06207556,1.45270759,adaptive_quantile,0,0,0.1.4,1.0,0.1.2,0.1.0q,0.1.0,0.1.0,0.1.0,0.1
2026.02.20 06:50,US100,PERIOD_M5,Bid,24847.85000000,24850.10000000,24845.10000000,24846.10000000,60.00,9.28571429,15.123195,0.00037373,0,0,0,0,-0.00008049,0.00019120,0.00009056,0.53846157,-0.18846154,-0.60000002,-0.13687208,0.39630073,-0.01440759,-0.01284980,0.15123194,0.06461538,-0.64755011,-0.76202291,1.00000000,0.00000000,0.00000000,0.00000000,0.00000000,0.00000000,0.00000000,0.00000000,0.800000,0.100000,0.100000,LONG,6.000000,12.000000,72.000000,6.000000,12.000000,72.000000,LONG,0,0.000000,0.000000,0.000000,0.000000,72,1,,0.371667,6,0.011333,0.13687208,1.44207979,adaptive_quantile,0,0,0.1.4,1.0,0.1.2,0.1.0q,0.1.0,0.1.0,0.1.0,0.1
2026.02.20 06:55,US100,PERIOD_M5,Bid,24845.85000000,24849.35000000,24844.60000000,24849.10000000,60.00,8.78571429,14.869101,0.00035356,0,0,0,0,0.00012074,-0.00007042,0.00046290,0.54065043,0.36991870,0.89473683,0.17805883,0.73050147,0.01874303,0.02622941,0.14869101,0.06829268,-0.64992189,-0.76000100,1.00000000,0.00000000,0.00000000,0.00000000,0.00000000,0.00000000,0.00000000,0.00000000,0.800000,0.100000,0.100000,LONG,6.000000,12.000000,72.000000,6.000000,12.000000,72.000000,LONG,0,0.000000,0.000000,0.000000,0.000000,72,1,,0.371667,6,0.011333,0.17805883,1.34315532,adaptive_quantile,0,0,0.1.4,1.0,0.1.2,0.1.0q,0.1.0,0.1.0,0.1.0,0.1
2026.02.20 07:00,US100,PERIOD_M5,Bid,24849.60000000,24863.10000000,24848.85000000,24859.85000000,60.00,9.23214286,15.171055,0.00037137,0,0,0,0,0.00043252,0.00047276,0.00083503,1.54352033,1.11025143,0.54385966,1.20682454,1.78666246,0.12703416,0.15242667,0.15171055,0.06499033,-0.65228742,-0.75797170,1.00000000,0.00000000,0.00000000,0.00000000,0.00000000,0.00000000,0.00000000,0.00000000,0.800000,0.100000,0.100000,LONG,6.000000,12.000000,72.000000,6.000000,12.000000,72.000000,LONG,0,0.000000,0.000000,0.000000,0.000000,72,1,,0.371667,6,0.011333,1.20682453,1.34149301,adaptive_quantile,0,0,0.1.4,1.0,0.1.2,0.1.0q,0.1.0,0.1.0,0.1.0,0.1
2026.02.20 07:05,US100,PERIOD_M5,Bid,24860.10000000,24864.10000000,24854.10000000,24862.85000000,60.00,9.39285714,15.775939,0.00037779,0,0,0,0,0.00012067,0.00067392,0.00027153,1.06463873,0.29277566,0.75000000,1.36217976,1.99409235,0.14338735,0.18420082,0.15775940,0.06387833,-0.65464658,-0.75593507,1.00000000,0.00000000,0.00000000,0.00000000,0.00000000,0.00000000,0.00000000,0.00000000,0.800000,0.100000,0.100000,LONG,6.000000,12.000000,72.000000,6.000000,12.000000,72.000000,LONG,0,0.000000,0.000000,0.000000,0.000000,72,1,,0.371667,6,0.011333,1.36217974,1.32618326,adaptive_quantile,0,0,0.1.4,1.0,0.1.2,0.1.0q,0.1.0,0.1.0,0.1.0,0.1
2026.02.20 07:10,US100,PERIOD_M5,Bid,24862.85000000,24863.60000000,24854.60000000,24854.85000000,60.00,9.32142857,16.300172,0.00037503,0,0,0,0,-0.00032182,0.00023137,-0.00017098,0.96551722,-0.85823756,-0.94444442,0.46539176,1.10599256,0.04898860,0.06910238,0.16300172,0.06436782,-0.65699941,-0.75389111,1.00000000,0.00000000,0.00000000,0.00000000,0.00000000,0.00000000,0.00000000,0.00000000,0.800000,0.100000,0.100000,LONG,6.000000,12.000000,72.000000,6.000000,12.000000,72.000000,LONG,0,0.000000,0.000000,0.000000,0.000000,72,1,,0.371667,6,0.011333,0.46539175,1.34149301,adaptive_quantile,0,0,0.1.4,1.0,0.1.2,0.1.0q,0.1.0,0.1.0,0.1.0,0.1
2026.02.20 07:15,US100,PERIOD_M5,Bid,24854.85000000,24856.85000000,24852.85000000,24855.85000000,60.00,8.17857143,14.309205,0.00032904,0,0,0,0,0.00004023,-0.00016091,0.00042253,0.48908296,0.12227074,0.50000000,0.59053391,1.32858455,0.06216147,0.08112490,0.14309205,0.07336245,-0.65934581,-0.75183982,1.00000000,0.00000000,0.00000000,0.00000000,0.00000000,0.00000000,0.00000000,0.00000000,0.800000,0.100000,0.100000,LONG,6.000000,12.000000,72.000000,6.000000,12.000000,72.000000,LONG,0,0.000000,0.000000,0.000000,0.000000,72,1,,0.371667,6,0.011333,0.59053393,1.32618326,adaptive_quantile,0,0,0.1.4,1.0,0.1.2,0.1.0q,0.1.0,0.1.0,0.1.0,0.1
2026.02.20 07:20,US100,PERIOD_M5,Bid,24855.85000000,24872.85000000,24855.85000000,24870.60000000,60.00,8.82142857,16.206964,0.00035469,0,0,0,0,0.00059325,0.00031166,0.00100571,1.92712545,1.67206478,0.73529410,2.00817680,2.78995371,0.21138704,0.23754251,0.16206963,0.06801619,-0.66168582,-0.74978119,1.00000000,0.00000000,0.00000000,0.00000000,0.00000000,0.00000000,0.00000000,0.00000000,0.800000,0.100000,0.100000,LONG,6.000000,12.000000,72.000000,6.000000,12.000000,72.000000,LONG,0,0.000000,0.000000,0.000000,0.000000,72,1,,0.371667,6,0.011333,2.00817681,1.31085532,adaptive_quantile,0,0,0.1.4,1.0,0.1.2,0.1.0q,0.1.0,0.1.0,0.1.0,0.1
2026.02.20 07:25,US100,PERIOD_M5,Bid,24870.60000000,24873.35000000,24870.10000000,24872.85000000,60.00,7.87500000,18.322332,0.00031661,0,0,0,0,0.00009046,0.00072394,0.00092513,0.41269842,0.28571430,0.69230771,2.29378557,3.27720523,0.24145110,0.25828409,0.18322332,0.07619048,-0.66401941,-0.74771529,1.00000000,0.00000000,0.00000000,0.00000000,0.00000000,0.00000000,0.00000000,0.00000000,0.800000,0.100000,0.100000,LONG,6.000000,12.000000,72.000000,6.000000,12.000000,72.000000,LONG,0,0.000000,0.000000,0.000000,0.000000,72,1,,0.371667,6,0.011333,2.29378550,1.32618326,adaptive_quantile,0,0,0.1.4,1.0,0.1.2,0.1.0q,0.1.0,0.1.0,0.1.0,0.1
2026.02.20 07:30,US100,PERIOD_M5,Bid,24873.10000000,24890.35000000,24873.10000000,24889.85000000,60.00,8.67857143,22.552594,0.00034868,2,0,0,0,0.00068324,0.00136695,0.00170898,1.98765433,1.93004119,0.94202900,3.65546036,4.73917246,0.38478529,0.39270762,0.22552595,0.06913580,-0.66634655,-0.74564219,0.00000000,0.00000000,1.00000000,0.00000000,0.00000000,0.00000000,0.00000000,0.00000000,0.800000,0.100000,0.100000,LONG,6.000000,12.000000,72.000000,6.000000,12.000000,72.000000,LONG,0,0.000000,0.000000,0.000000,0.000000,72,1,,0.371667,6,0.011333,3.65546039,1.32618326,adaptive_quantile,0,0,0.1.4,1.0,0.1.2,0.1.0q,0.1.0,0.1.0,0.1.0,0.1
2026.02.20 07:35,US100,PERIOD_M5,Bid,24889.60000000,24893.60000000,24880.60000000,24881.85000000,60.00,9.17857143,26.704081,0.00036889,2,0,0,0,-0.00032147,0.00045224,0.00162902,1.41634238,-0.84435797,-0.80769229,2.33856964,3.46786642,0.24616523,0.27555239,0.26704082,0.06536965,-0.66866726,-0.74356174,0.00000000,0.00000000,1.00000000,0.00000000,0.00000000,0.00000000,0.00000000,0.00000000,0.800000,0.100000,0.100000,LONG,6.000000,12.000000,72.000000,6.000000,12.000000,72.000000,LONG,0,0.000000,0.000000,0.000000,0.000000,72,1,,0.371667,6,0.011333,2.33856969,1.34149301,adaptive_quantile,0,0,0.1.4,1.0,0.1.2,0.1.0q,0.1.0,0.1.0,0.1.0,0.1
2026.02.20 07:40,US100,PERIOD_M5,Bid,24882.10000000,24884.60000000,24875.10000000,24884.60000000,60.00,9.50000000,26.962650,0.00038176,2,0,0,0,0.00011052,0.00047229,0.00135718,1.00000000,0.26315790,1.00000000,2.30616474,3.49726105,0.24275418,0.29743090,0.26962650,0.06315789,-0.67098141,-0.74147415,0.00000000,0.00000000,1.00000000,0.00000000,0.00000000,0.00000000,0.00000000,0.00000000,0.800000,0.100000,0.100000,LONG,6.000000,12.000000,72.000000,6.000000,12.000000,72.000000,LONG,0,0.000000,0.000000,0.000000,0.000000,72,1,,0.371667,6,0.011333,2.30616466,1.34315532,adaptive_quantile,0,0,0.1.4,1.0,0.1.2,0.1.0q,0.1.0,0.1.0,0.1.0,0.1
2026.02.20 07:45,US100,PERIOD_M5,Bid,24884.10000000,24886.85000000,24880.10000000,24886.10000000,60.00,9.53571429,28.116147,0.00038317,2,0,0,0,0.00006028,-0.00015068,0.00152812,0.70786518,0.20973782,0.77777779,2.22103739,3.49866343,0.23379341,0.30967727,0.28116146,0.06292135,-0.67328906,-0.73937935,0.00000000,0.00000000,1.00000000,0.00000000,0.00000000,0.00000000,0.00000000,0.00000000,0.800000,0.100000,0.100000,LONG,6.000000,12.000000,72.000000,6.000000,12.000000,72.000000,LONG,0,0.000000,0.000000,0.000000,0.000000,72,1,,0.371667,6,0.011333,2.22103731,1.34315532,adaptive_quantile,0,0,0.1.4,1.0,0.1.2,0.1.0q,0.1.0,0.1.0,0.1.0,0.1
2026.02.20 07:50,US100,PERIOD_M5,Bid,24886.10000000,24890.85000000,24885.60000000,24887.85000000,60.00,9.14285714,30.874489,0.00036736,4,0,0,0,0.00007032,0.00024111,0.00167893,0.57421875,0.19140625,-0.14285715,2.26903319,3.68979883,0.23884560,0.32447150,0.30874488,0.06562500,-0.67559022,-0.73727733,0.00000000,0.00000000,0.00000000,0.00000000,1.00000000,0.00000000,0.00000000,0.00000000,0.800000,0.100000,0.100000,LONG,6.000000,12.000000,72.000000,6.000000,12.000000,72.000000,LONG,0,0.000000,0.000000,0.000000,0.000000,72,1,,0.371667,6,0.011333,2.26903316,1.34315532,adaptive_quantile,0,0,0.1.4,1.0,0.1.2,0.1.0q,0.1.0,0.1.0,0.1.0,0.1
2026.02.20 07:55,US100,PERIOD_M5,Bid,24888.10000000,24895.10000000,24887.10000000,24890.35000000,60.00,9.08928571,34.230913,0.00036517,4,0,0,0,0.00010045,0.00023104,0.00165864,0.88015717,0.24754420,-0.18750000,2.31388855,3.83025813,0.24356721,0.34603319,0.34230912,0.06601179,-0.67788476,-0.73516816,0.00000000,0.00000000,0.00000000,0.00000000,1.00000000,0.00000000,0.00000000,0.00000000,0.800000,0.100000,0.100000,LONG,6.000000,12.000000,72.000000,6.000000,12.000000,72.000000,LONG,0,0.000000,0.000000,0.000000,0.000000,72,1,,0.371667,6,0.011333,2.31388854,1.36217974,adaptive_quantile,0,0,0.1.4,1.0,0.1.2,0.1.0q,0.1.0,0.1.0,0.1.0,0.1
2026.02.20 08:00,US100,PERIOD_M5,Bid,24890.35000000,24895.60000000,24888.10000000,24890.85000000,60.00,9.26785714,37.257467,0.00037234,4,0,0,0,0.00002009,0.00019085,0.00124621,0.80924857,0.05394990,-0.26666668,2.10199237,3.66097951,0.22126237,0.35049832,0.37257469,0.06473988,-0.68017274,-0.73305190,0.00000000,0.00000000,0.00000000,0.00000000,1.00000000,0.00000000,0.00000000,0.00000000,0.800000,0.100000,0.100000,LONG,6.000000,12.000000,72.000000,6.000000,12.000000,72.000000,LONG,0,0.000000,0.000000,0.000000,0.000000,72,1,,0.371667,6,0.011333,2.10199248,1.44207979,adaptive_quantile,0,0,0.1.4,1.0,0.1.2,0.1.0q,0.1.0,0.1.0,0.1.0,0.1
2026.02.20 08:05,US100,PERIOD_M5,Bid,24891.10000000,24895.35000000,24887.60000000,24894.35000000,60.00,9.48214286,39.421695,0.00038090,4,0,0,0,0.00014060,0.00026114,0.00126615,0.81732577,0.34274954,0.74193549,2.19278526,3.79256201,0.23081949,0.38229227,0.39421695,0.06327683,-0.68245411,-0.73092842,0.00000000,0.00000000,0.00000000,0.00000000,1.00000000,0.00000000,0.00000000,0.00000000,0.800000,0.100000,0.100000,LONG,6.000000,12.000000,72.000000,6.000000,12.000000,72.000000,LONG,0,0.000000,0.000000,0.000000,0.000000,72,1,,0.371667,6,0.011333,2.19278521,1.44207979,adaptive_quantile,0,0,0.1.4,1.0,0.1.2,0.1.0q,0.1.0,0.1.0,0.1.0,0.1
2026.02.20 08:10,US100,PERIOD_M5,Bid,24894.60000000,24901.10000000,24892.60000000,24901.10000000,60.00,9.07142857,42.597536,0.00036430,4,0,0,0,0.00027111,0.00043180,0.00185907,0.93700784,0.71653545,1.00000000,2.74700141,4.52372503,0.28915805,0.43929774,0.42597535,0.06614173,-0.68472886,-0.72879791,0.00000000,0.00000000,0.00000000,0.00000000,1.00000000,0.00000000,0.00000000,0.00000000,0.800000,0.100000,0.100000,LONG,6.000000,12.000000,72.000000,6.000000,12.000000,72.000000,LONG,0,0.000000,0.000000,0.000000,0.000000,72,1,,0.371667,6,0.011333,2.74700131,1.46155785,adaptive_quantile,0,0,0.1.4,1.0,0.1.2,0.1.0q,0.1.0,0.1.0,0.1.0,0.1
2026.02.20 08:15,US100,PERIOD_M5,Bid,24901.10000000,24903.60000000,24898.10000000,24898.35000000,60.00,8.75000000,46.035235,0.00035143,4,0,0,0,-0.00011044,0.00030127,0.00170840,0.62857145,-0.31428573,-0.90909094,2.29232812,4.20402431,0.24129771,0.38328847,0.46035236,0.06857143,-0.68699694,-0.72666031,0.00000000,0.00000000,0.00000000,0.00000000,1.00000000,0.00000000,0.00000000,0.00000000,0.800000,0.100000,0.100000,LONG,6.000000,12.000000,72.000000,6.000000,12.000000,72.000000,LONG,0,0.000000,0.000000,0.000000,0.000000,72,1,,0.371667,6,0.011333,2.29232815,1.63638414,adaptive_quantile,0,0,0.1.4,1.0,0.1.2,0.1.0q,0.1.0,0.1.0,0.1.0,0.1
2026.02.20 08:20,US100,PERIOD_M5,Bid,24896.85000000,24897.60000000,24891.35000000,24895.35000000,60.00,8.60714286,43.289969,0.00034573,4,0,0,0,-0.00012050,0.00004017,0.00099466,0.72614110,-0.17427386,0.28000000,1.79308188,3.77132130,0.18874547,0.32281277,0.43289968,0.06970955,-0.68925834,-0.72451568,0.00000000,0.00000000,0.00000000,0.00000000,1.00000000,0.00000000,0.00000000,0.00000000,0.800000,0.100000,0.100000,LONG,6.000000,12.000000,72.000000,6.000000,12.000000,72.000000,LONG,0,0.000000,0.000000,0.000000,0.000000,72,1,,0.371667,6,0.011333,1.79308191,1.77754939,adaptive_quantile,0,0,0.1.4,1.0,0.1.2,0.1.0q,0.1.0,0.1.0,0.1.0,0.1
2026.02.20 08:25,US100,PERIOD_M5,Bid,24895.10000000,24897.35000000,24892.35000000,24892.60000000,60.00,8.67857143,40.910737,0.00034864,4,1,0,1,-0.00011047,-0.00034141,0.00079372,0.57613170,-0.28806585,-0.89999998,1.32226574,3.28915787,0.13918586,0.26808441,0.40910739,0.06913580,-0.69151306,-0.72236395,0.00000000,0.00000000,0.00000000,0.00000000,1.00000000,0.00000000,1.00000000,0.00000000,0.800000,0.100000,0.100000,LONG,6.000000,12.000000,72.000000,6.000000,12.000000,72.000000,LONG,0,6.000000,12.000000,6.000000,12.000000,72,1,,0.371667,6,0.011333,1.32226574,1.79308191,adaptive_quantile,0,0,0.1.4,1.0,0.1.2,0.1.0q,0.1.0,0.1.0,0.1.0,0.1
2026.02.20 08:30,US100,PERIOD_M5,Bid,24891.60000000,24893.10000000,24882.85000000,24883.35000000,60.00,8.19642857,36.178126,0.00032939,4,1,0,1,-0.00037167,-0.00060263,-0.00026118,1.25054467,-1.00653601,-0.90243900,0.24564807,2.26178002,0.02585769,0.10280902,0.36178127,0.07320262,-0.69376105,-0.72020525,0.00000000,0.00000000,0.00000000,0.00000000,1.00000000,0.00000000,1.00000000,0.00000000,0.800000,0.100000,0.100000,LONG,6.000000,12.000000,72.000000,6.000000,12.000000,72.000000,LONG,0,6.000000,12.000000,6.000000,12.000000,72,1,,0.371667,6,0.011333,0.24564808,1.77754939,adaptive_quantile,1,0,0.1.4,1.0,0.1.2,0.1.0q,0.1.0,0.1.0,0.1.0,0.1
2026.02.20 08:35,US100,PERIOD_M5,Bid,24883.85000000,24892.85000000,24880.85000000,24885.10000000,60.00,8.82142857,32.689017,0.00035449,4,1,0,1,0.00007033,-0.00041181,0.00013061,1.36032391,0.14170040,-0.29166666,0.38599354,2.20972037,0.04063090,0.12601735,0.32689017,0.06801619,-0.69600230,-0.71803951,0.00000000,0.00000000,0.00000000,0.00000000,1.00000000,0.00000000,1.00000000,0.00000000,0.800000,0.100000,0.100000,LONG,6.000000,12.000000,72.000000,6.000000,12.000000,72.000000,LONG,0,6.000000,12.000000,6.000000,12.000000,72,1,,0.371667,6,0.011333,0.38599353,1.77754939,adaptive_quantile,1,1,0.1.4,1.0,0.1.2,0.1.0q,0.1.0,0.1.0,0.1.0,0.1
2026.02.20 08:40,US100,PERIOD_M5,Bid,24884.85000000,24886.35000000,24882.60000000,24885.10000000,60.00,7.83928571,29.665123,0.00031502,2,1,0,1,0.00000000,-0.00030134,0.00002009,0.47835991,0.03189066,0.33333334,0.39298570,2.38905215,0.04136692,0.12601735,0.29665121,0.07653759,-0.69823682,-0.71586686,0.00000000,0.00000000,1.00000000,0.00000000,0.00000000,0.00000000,1.00000000,0.00000000,0.800000,0.100000,0.100000,LONG,6.000000,12.000000,72.000000,6.000000,12.000000,72.000000,LONG,0,6.000000,12.000000,6.000000,12.000000,72,1,,0.371667,6,0.011333,0.39298571,1.77754939,adaptive_quantile,1,2,0.1.4,1.0,0.1.2,0.1.0q,0.1.0,0.1.0,0.1.0,0.1
2026.02.20 08:45,US100,PERIOD_M5,Bid,24885.35000000,24887.85000000,24879.60000000,24881.60000000,60.00,7.50000000,28.527872,0.00030143,2,0,0,0,-0.00014066,-0.00007033,-0.00018084,1.10000002,-0.50000000,-0.51515150,-0.05057893,1.95083570,-0.00532410,0.06227954,0.28527871,0.08000000,-0.70046455,-0.71368718,0.00000000,0.00000000,1.00000000,0.00000000,0.00000000,0.00000000,0.00000000,0.00000000,0.800000,0.100000,0.100000,LONG,6.000000,12.000000,72.000000,6.000000,12.000000,72.000000,LONG,0,6.000000,12.000000,6.000000,12.000000,72,1,,0.371667,6,0.011333,0.05057893,1.77754939,adaptive_quantile,1,3,0.1.4,1.0,0.1.2,0.1.0q,0.1.0,0.1.0,0.1.0,0.1
2026.02.20 08:50,US100,PERIOD_M5,Bid,24881.35000000,24888.10000000,24878.60000000,24887.60000000,60.00,7.50000000,27.959261,0.00030135,2,1,0,1,0.00024111,0.00010046,-0.00001005,1.26666665,0.83333331,0.89473683,0.67804766,2.64295983,0.07137343,0.15100071,0.27959260,0.08000000,-0.70268548,-0.71150064,0.00000000,0.00000000,1.00000000,0.00000000,0.00000000,0.00000000,1.00000000,0.00000000,0.800000,0.100000,0.100000,LONG,6.000000,12.000000,72.000000,6.000000,12.000000,72.000000,LONG,0,6.000000,12.000000,6.000000,12.000000,72,1,,0.371667,6,0.011333,0.67804763,1.77754939,adaptive_quantile,1,4,0.1.4,1.0,0.1.2,0.1.0q,0.1.0,0.1.0,0.1.0,0.1
2026.02.20 08:55,US100,PERIOD_M5,Bid,24887.85000000,24891.85000000,24885.35000000,24890.60000000,60.00,7.48214286,24.318335,0.00030060,2,1,0,1,0.00012053,0.00022099,0.00001004,0.86873507,0.36754176,0.61538464,0.97770429,2.93060565,0.10291624,0.19215693,0.24318334,0.08019093,-0.70489955,-0.70930713,0.00000000,0.00000000,1.00000000,0.00000000,0.00000000,0.00000000,1.00000000,0.00000000,0.800000,0.100000,0.100000,LONG,6.000000,12.000000,72.000000,6.000000,12.000000,72.000000,LONG,0,6.000000,12.000000,6.000000,12.000000,72,1,,0.371667,6,0.011333,0.97770430,1.77754939,adaptive_quantile,1,5,0.1.4,1.0,0.1.2,0.1.0q,0.1.0,0.1.0,0.1.0,0.1
2026.02.20 09:00,US100,PERIOD_M5,Bid,24890.60000000,24897.10000000,24885.85000000,24890.10000000,60.00,7.91071429,23.251008,0.00031783,2,1,0,1,-0.00002009,0.00034156,-0.00003013,1.42212188,-0.06320542,-0.24444444,0.77948016,2.60241079,0.08205054,0.18187362,0.23251007,0.07584650,-0.70710677,-0.70710677,0.00000000,0.00000000,1.00000000,0.00000000,0.00000000,0.00000000,1.00000000,0.00000000,0.800000,0.100000,0.100000,LONG,6.000000,12.000000,72.000000,6.000000,12.000000,72.000000,LONG,0,6.000000,12.000000,6.000000,12.000000,72,1,,0.371667,6,0.011333,0.77948016,1.77754939,adaptive_quantile,1,6,0.1.4,1.0,0.1.2,0.1.0q,0.1.0,0.1.0,0.1.0,0.1
2026.02.20 09:05,US100,PERIOD_M5,Bid,24890.10000000,24901.85000000,24889.60000000,24898.60000000,60.00,8.21428571,23.790970,0.00032991,2,1,0,1,0.00034144,0.00044189,0.00017071,1.49130440,1.03478265,0.46938777,1.61541247,3.40215397,0.17004342,0.29345077,0.23790970,0.07304348,-0.70930713,-0.70489955,0.00000000,0.00000000,1.00000000,0.00000000,0.00000000,0.00000000,1.00000000,0.00000000,0.800000,0.100000,0.100000,LONG,6.000000,12.000000,72.000000,6.000000,12.000000,72.000000,LONG,0,6.000000,12.000000,6.000000,12.000000,72,1,,0.371667,6,0.011333,1.61541247,1.77754939,adaptive_quantile,1,7,0.1.4,1.0,0.1.2,0.1.0q,0.1.0,0.1.0,0.1.0,0.1
2026.02.20 09:10,US100,PERIOD_M5,Bid,24899.10000000,24899.35000000,24889.35000000,24895.35000000,60.00,8.39285714,24.094759,0.00033713,2,1,0,1,-0.00013054,0.00019082,-0.00023094,1.19148934,-0.44680852,0.20000000,1.08011198,2.82714009,0.11369599,0.22467659,0.24094759,0.07148936,-0.71150064,-0.70268548,0.00000000,0.00000000,1.00000000,0.00000000,0.00000000,0.00000000,1.00000000,0.00000000,0.800000,0.100000,0.100000,LONG,6.000000,12.000000,72.000000,6.000000,12.000000,72.000000,LONG,0,6.000000,12.000000,6.000000,12.000000,72,1,,0.371667,6,0.011333,1.08011196,1.77754939,adaptive_quantile,1,8,0.1.4,1.0,0.1.2,0.1.0q,0.1.0,0.1.0,0.1.0,0.1
2026.02.20 09:15,US100,PERIOD_M5,Bid,24895.85000000,24897.35000000,24891.85000000,24893.10000000,60.00,8.23214286,24.358042,0.00033070,2,1,0,1,-0.00009038,0.00012052,-0.00021088,0.66811281,-0.33405641,-0.54545456,0.74903417,2.50670052,0.07884570,0.17797875,0.24358042,0.07288503,-0.71368718,-0.70046455,0.00000000,0.00000000,1.00000000,0.00000000,0.00000000,0.00000000,1.00000000,0.00000000,0.800000,0.100000,0.100000,LONG,6.000000,12.000000,72.000000,6.000000,12.000000,72.000000,LONG,0,6.000000,12.000000,6.000000,12.000000,72,1,,0.371667,6,0.011333,0.74903417,1.77754939,adaptive_quantile,1,9,0.1.4,1.0,0.1.2,0.1.0q,0.1.0,0.1.0,0.1.0,0.1
2026.02.20 09:20,US100,PERIOD_M5,Bid,24893.10000000,24899.60000000,24887.35000000,24899.35000000,60.00,8.50000000,21.911600,0.00034137,2,1,0,1,0.00025104,0.00003012,0.00016066,1.44117641,0.73529410,0.95918369,1.32160771,3.03896260,0.13911660,0.26214337,0.21911600,0.07058824,-0.71586686,-0.69823682,0.00000000,0.00000000,1.00000000,0.00000000,0.00000000,0.00000000,1.00000000,0.00000000,0.800000,0.100000,0.100000,LONG,6.000000,12.000000,72.000000,6.000000,12.000000,72.000000,LONG,0,6.000000,12.000000,6.000000,12.000000,72,1,,0.371667,6,0.011333,1.32160767,1.61541247,adaptive_quantile,1,10,0.1.4,1.0,0.1.2,0.1.0q,0.1.0,0.1.0,0.1.0,0.1
2026.02.20 09:25,US100,PERIOD_M5,Bid,24899.35000000,24899.35000000,24888.10000000,24888.35000000,60.00,8.91071429,19.791350,0.00035803,0,0,0,0,-0.00044188,-0.00028122,-0.00017075,1.26252508,-1.23446894,-0.95555556,0.02372552,1.59914994,0.00249742,0.05701529,0.19791350,0.06733467,-0.71803951,-0.69600230,1.00000000,0.00000000,0.00000000,0.00000000,0.00000000,0.00000000,0.00000000,0.00000000,0.800000,0.100000,0.100000,LONG,6.000000,12.000000,72.000000,6.000000,12.000000,72.000000,LONG,0,6.000000,12.000000,6.000000,12.000000,72,1,,0.371667,6,0.011333,0.02372552,1.61541247,adaptive_quantile,1,11,0.1.4,1.0,0.1.2,0.1.0q,0.1.0,0.1.0,0.1.0,0.1
2026.02.20 09:30,US100,PERIOD_M5,Bid,24888.60000000,24893.60000000,24882.10000000,24893.10000000,60.00,9.23214286,19.620361,0.00037087,0,0,0,0,0.00019083,0.00000000,0.00039175,1.24564803,0.48742747,0.91304350,0.48622471,1.97727513,0.05118155,0.12327725,0.19620360,0.06499033,-0.72020525,-0.69376105,1.00000000,0.00000000,0.00000000,0.00000000,0.00000000,0.00000000,0.00000000,0.00000000,0.800000,0.100000,0.100000,LONG,6.000000,12.000000,72.000000,6.000000,12.000000,72.000000,LONG,0,6.000000,12.000000,6.000000,12.000000,72,1,,0.371667,6,0.011333,0.48622471,1.61541247,adaptive_quantile,1,12,0.1.4,1.0,0.1.2,0.1.0q,0.1.0,0.1.0,0.1.0,0.1
2026.02.20 09:35,US100,PERIOD_M5,Bid,24892.35000000,24893.10000000,24880.35000000,24882.35000000,60.00,9.78571429,20.184949,0.00039328,2,0,0,0,-0.00043194,-0.00068298,-0.00011051,1.30291975,-1.02189779,-0.68627453,-0.57888556,0.73680806,-0.06093532,-0.04096783,0.20184949,0.06131387,-0.72236395,-0.69151306,0.00000000,0.00000000,1.00000000,0.00000000,0.00000000,0.00000000,0.00000000,0.00000000,0.800000,0.100000,0.100000,LONG,6.000000,12.000000,72.000000,6.000000,12.000000,72.000000,LONG,0,6.000000,12.000000,6.000000,12.000000,72,1,,0.371667,6,0.011333,0.57888553,1.61541247,adaptive_quantile,1,13,0.1.4,1.0,0.1.2,0.1.0q,0.1.0,0.1.0,0.1.0,0.1
2026.02.20 09:40,US100,PERIOD_M5,Bid,24882.60000000,24887.35000000,24871.35000000,24885.10000000,60.00,10.19642857,23.078017,0.00040974,2,0,0,0,0.00011051,-0.00013059,0.00000000,1.56917691,0.24518389,0.71875000,-0.25864032,0.93852443,-0.02722530,-0.00065898,0.23078017,0.05884413,-0.72451568,-0.68925834,0.00000000,0.00000000,1.00000000,0.00000000,0.00000000,0.00000000,0.00000000,0.00000000,0.800000,0.100000,0.100000,LONG,6.000000,12.000000,72.000000,6.000000,12.000000,72.000000,LONG,0,6.000000,12.000000,6.000000,12.000000,72,1,,0.371667,6,0.011333,0.25864032,1.61541247,adaptive_quantile,1,14,0.1.4,1.0,0.1.2,0.1.0q,0.1.0,0.1.0,0.1.0,0.1
2026.02.20 09:45,US100,PERIOD_M5,Bid,24885.10000000,24886.60000000,24869.35000000,24870.35000000,60.00,10.57142857,25.998416,0.00042506,2,0,0,0,-0.00059290,-0.00091433,-0.00045224,1.63175678,-1.39527023,-0.88405800,-1.48809433,-0.47082090,-0.15664151,-0.18332453,0.25998417,0.05675676,-0.72666031,-0.68699694,0.00000000,0.00000000,1.00000000,0.00000000,0.00000000,0.00000000,0.00000000,0.00000000,0.800000,0.100000,0.100000,LONG,6.000000,12.000000,72.000000,6.000000,12.000000,72.000000,LONG,0,6.000000,12.000000,6.000000,12.000000,72,1,,0.371667,6,0.011333,1.48809434,1.61541247,adaptive_quantile,1,15,0.1.4,1.0,0.1.2,0.1.0q,0.1.0,0.1.0,0.1.0,0.1
2026.02.20 09:50,US100,PERIOD_M5,Bid,24870.60000000,24875.85000000,24858.10000000,24859.10000000,60.00,11.57142857,30.375352,0.00046548,4,0,0,0,-0.00045245,-0.00093483,-0.00114580,1.53395057,-0.99382716,-0.88732392,-2.10964775,-1.34736061,-0.22206818,-0.28993207,0.30375353,0.05185185,-0.72879791,-0.68472886,0.00000000,0.00000000,0.00000000,0.00000000,1.00000000,0.00000000,0.00000000,0.00000000,0.800000,0.100000,0.100000,LONG,6.000000,12.000000,72.000000,6.000000,12.000000,72.000000,LONG,0,6.000000,12.000000,6.000000,12.000000,72,1,,0.371667,6,0.011333,2.10964765,1.61541247,adaptive_quantile,1,16,0.1.4,1.0,0.1.2,0.1.0q,0.1.0,0.1.0,0.1.0,0.1
2026.02.20 09:55,US100,PERIOD_M5,Bid,24859.10000000,24869.35000000,24855.60000000,24868.85000000,60.00,11.96428571,34.590797,0.00048110,4,0,0,0,0.00039213,-0.00065321,-0.00087421,1.14925373,0.81492537,0.92727274,-1.10874069,-0.46904868,-0.11670955,-0.14984027,0.34590799,0.05014925,-0.73092842,-0.68245411,0.00000000,0.00000000,0.00000000,0.00000000,1.00000000,0.00000000,0.00000000,0.00000000,0.800000,0.100000,0.100000,LONG,6.000000,12.000000,72.000000,6.000000,12.000000,72.000000,LONG,0,6.000000,12.000000,6.000000,12.000000,72,1,,0.371667,6,0.011333,1.10874071,1.79308191,adaptive_quantile,1,17,0.1.4,1.0,0.1.2,0.1.0q,0.1.0,0.1.0,0.1.0,0.1
2026.02.20 10:00,US100,PERIOD_M5,Bid,24869.35000000,24881.85000000,24865.60000000,24874.60000000,60.00,12.44642857,32.349800,0.00050037,5,0,0,0,0.00023119,0.00017087,-0.00062293,1.30559540,0.42180774,0.10769231,-0.54630518,0.01066566,-0.05750581,-0.07564714,0.32349801,0.04820660,-0.73305190,-0.68017274,0.00000000,0.00000000,0.00000000,0.00000000,0.00000000,1.00000000,0.00000000,0.00000000,0.800000,0.100000,0.100000,LONG,6.000000,12.000000,72.000000,6.000000,12.000000,72.000000,LONG,0,6.000000,12.000000,6.000000,12.000000,72,1,,0.371667,6,0.011333,0.54630520,1.79308191,adaptive_quantile,1,18,0.1.4,1.0,0.1.2,0.1.0q,0.1.0,0.1.0,0.1.0,0.1
2026.02.20 10:05,US100,PERIOD_M5,Bid,24875.10000000,24883.10000000,24854.60000000,24855.10000000,60.00,14.01785714,31.903282,0.00056398,5,0,0,0,-0.00078424,-0.00016092,-0.00174861,2.03312111,-1.42675161,-0.96491230,-1.69746554,-1.32743192,-0.17868058,-0.25193322,0.31903282,0.04280255,-0.73516816,-0.67788476,0.00000000,0.00000000,0.00000000,0.00000000,0.00000000,1.00000000,0.00000000,0.00000000,0.800000,0.100000,0.100000,LONG,6.000000,12.000000,72.000000,6.000000,12.000000,72.000000,LONG,0,6.000000,12.000000,6.000000,12.000000,72,1,,0.371667,6,0.011333,1.69746556,1.79308191,adaptive_quantile,1,19,0.1.4,1.0,0.1.2,0.1.0q,0.1.0,0.1.0,0.1.0,0.1
2026.02.20 10:10,US100,PERIOD_M5,Bid,24854.85000000,24867.35000000,24853.85000000,24858.85000000,110.00,14.17857143,31.726063,0.00057036,5,0,0,0,0.00015086,-0.00040219,-0.00146721,0.95214105,0.28211588,-0.25925925,-1.27909911,-1.00680757,-0.13464202,-0.20436469,0.31726062,0.07758187,-0.73727733,-0.67559022,0.00000000,0.00000000,0.00000000,0.00000000,0.00000000,1.00000000,0.00000000,0.00000000,0.800000,0.100000,0.100000,LONG,6.000000,12.000000,72.000000,6.000000,12.000000,72.000000,LONG,0,6.000000,12.000000,6.000000,12.000000,72,1,,0.371667,6,0.011333,1.27909913,1.79308191,adaptive_quantile,1,20,0.1.4,1.0,0.1.2,0.1.0q,0.1.0,0.1.0,0.1.0,0.1
2026.02.20 10:15,US100,PERIOD_M5,Bid,24858.85000000,24866.10000000,24856.10000000,24865.35000000,60.00,14.01785714,31.572473,0.00056375,5,0,0,0,0.00026144,-0.00037193,-0.00111539,0.71337581,0.46369427,0.85000002,-0.75101542,-0.53290516,-0.07905426,-0.12460128,0.31572473,0.04280255,-0.73937935,-0.67328906,0.00000000,0.00000000,0.00000000,0.00000000,0.00000000,1.00000000,0.00000000,0.00000000,0.800000,0.100000,0.100000,LONG,6.000000,12.000000,72.000000,6.000000,12.000000,72.000000,LONG,0,6.000000,12.000000,6.000000,12.000000,72,1,,0.371667,6,0.011333,0.75101544,1.79308191,adaptive_quantile,1,21,0.1.4,1.0,0.1.2,0.1.0q,0.1.0,0.1.0,0.1.0,0.1
2026.02.20 10:20,US100,PERIOD_M5,Bid,24865.10000000,24867.10000000,24844.35000000,24859.35000000,60.00,14.92857143,33.431701,0.00060052,5,0,0,0,-0.00024133,0.00017098,-0.00160776,1.52392340,-0.38516745,0.31868133,-1.00167441,-0.86692458,-0.10543941,-0.17867465,0.33431700,0.04019139,-0.74147415,-0.67098141,0.00000000,0.00000000,0.00000000,0.00000000,0.00000000,1.00000000,0.00000000,0.00000000,0.800000,0.100000,0.100000,LONG,6.000000,12.000000,72.000000,6.000000,12.000000,72.000000,LONG,0,6.000000,12.000000,6.000000,12.000000,72,1,,0.371667,6,0.011333,1.00167437,1.79308191,adaptive_quantile,1,22,0.1.4,1.0,0.1.2,0.1.0q,0.1.0,0.1.0,0.1.0,0.1
2026.02.20 10:25,US100,PERIOD_M5,Bid,24859.60000000,24878.10000000,24859.10000000,24876.60000000,60.00,15.89285714,30.818036,0.00063887,5,0,0,0,0.00069366,0.00071378,-0.00047222,1.19550562,1.06966293,0.84210527,0.13073324,0.26043847,0.01376139,0.01055595,0.30818036,0.03775281,-0.74356174,-0.66866726,0.00000000,0.00000000,0.00000000,0.00000000,0.00000000,1.00000000,0.00000000,0.00000000,0.800000,0.100000,0.100000,LONG,6.000000,12.000000,72.000000,6.000000,12.000000,72.000000,LONG,0,6.000000,12.000000,6.000000,12.000000,72,1,,0.371667,6,0.011333,0.13073324,1.79308191,adaptive_quantile,1,23,0.1.4,1.0,0.1.2,0.1.0q,0.1.0,0.1.0,0.1.0,0.1
2026.02.20 10:30,US100,PERIOD_M5,Bid,24877.35000000,24878.85000000,24848.60000000,24848.60000000,60.00,17.17857143,30.057061,0.00069133,5,0,0,0,-0.00112619,-0.00067386,-0.00178924,1.76091480,-1.67359662,-1.00000000,-1.36527574,-1.33452117,-0.14371324,-0.21089831,0.30057061,0.03492723,-0.74564219,-0.66634655,0.00000000,0.00000000,0.00000000,0.00000000,0.00000000,1.00000000,0.00000000,0.00000000,0.800000,0.100000,0.100000,LONG,6.000000,12.000000,72.000000,6.000000,12.000000,72.000000,LONG,0,6.000000,12.000000,6.000000,12.000000,72,1,,0.371667,6,0.011333,1.36527576,1.79308191,adaptive_quantile,1,24,0.1.4,1.0,0.1.2,0.1.0q,0.1.0,0.1.0,0.1.0,0.1
2026.02.20 10:35,US100,PERIOD_M5,Bid,24848.60000000,24866.60000000,24845.85000000,24864.35000000,60.00,17.85714286,29.942065,0.00071818,3,0,0,0,0.00063364,0.00020111,-0.00072367,1.16199994,0.88200003,0.78313255,-0.39031002,-0.38605216,-0.04108527,-0.06899095,0.29942065,0.03360000,-0.74771529,-0.66401941,0.00000000,0.00000000,0.00000000,1.00000000,0.00000000,0.00000000,0.00000000,0.00000000,0.800000,0.100000,0.100000,LONG,6.000000,12.000000,72.000000,6.000000,12.000000,72.000000,LONG,0,6.000000,12.000000,6.000000,12.000000,72,1,,0.371667,6,0.011333,0.39031001,1.79308191,adaptive_quantile,1,25,0.1.4,1.0,0.1.2,0.1.0q,0.1.0,0.1.0,0.1.0,0.1
2026.02.20 10:40,US100,PERIOD_M5,Bid,24864.85000000,24870.10000000,24859.85000000,24869.35000000,60.00,17.76785714,27.439351,0.00071445,3,0,0,0,0.00020107,-0.00029148,-0.00063311,0.57688445,0.25326633,0.85365856,-0.10030583,-0.10240527,-0.01055851,-0.02781111,0.27439350,0.03376884,-0.74978119,-0.66168582,0.00000000,0.00000000,0.00000000,1.00000000,0.00000000,0.00000000,0.00000000,0.00000000,0.800000,0.100000,0.100000,LONG,6.000000,12.000000,72.000000,6.000000,12.000000,72.000000,LONG,0,6.000000,12.000000,6.000000,12.000000,72,1,,0.371667,6,0.011333,0.10030583,1.79308191,adaptive_quantile,1,26,0.1.4,1.0,0.1.2,0.1.0q,0.1.0,0.1.0,0.1.0,0.1
2026.02.20 10:45,US100,PERIOD_M5,Bid,24869.10000000,24880.60000000,24864.60000000,24880.35000000,60.00,18.00000000,25.793318,0.00072346,3,1,0,1,0.00044221,0.00127692,0.00040200,0.88888890,0.62500000,0.96875000,0.46332759,0.49002549,0.04877133,0.05814959,0.25793317,0.03333334,-0.75183982,-0.65934581,0.00000000,0.00000000,0.00000000,1.00000000,0.00000000,0.00000000,1.00000000,0.00000000,0.800000,0.100000,0.100000,LONG,6.000000,12.000000,72.000000,6.000000,12.000000,72.000000,LONG,0,6.000000,12.000000,6.000000,12.000000,72,1,,0.371667,6,0.011333,0.46332759,1.79308191,adaptive_quantile,1,27,0.1.4,1.0,0.1.2,0.1.0q,0.1.0,0.1.0,0.1.0,0.1
2026.02.20 10:50,US100,PERIOD_M5,Bid,24880.60000000,24889.10000000,24878.85000000,24885.95000000,60.00,17.58928571,27.267375,0.00070680,3,1,0,1,0.00022505,0.00086834,0.00107950,0.58274114,0.30416244,0.38536584,0.71704376,0.78769261,0.07547829,0.09944274,0.27267376,0.03411167,-0.75389111,-0.65699941,0.00000000,0.00000000,0.00000000,1.00000000,0.00000000,0.00000000,1.00000000,0.00000000,0.800000,0.100000,0.100000,LONG,6.000000,12.000000,72.000000,6.000000,12.000000,72.000000,LONG,0,6.000000,12.000000,6.000000,12.000000,72,1,,0.371667,6,0.011333,0.71704375,1.79308191,adaptive_quantile,1,28,0.1.4,1.0,0.1.2,0.1.0q,0.1.0,0.1.0,0.1.0,0.1
2026.02.20 10:55,US100,PERIOD_M5,Bid,24886.20000000,24889.60000000,24881.35000000,24884.10000000,110.00,16.94642857,28.722974,0.00068101,3,1,0,1,-0.00007434,0.00059292,0.00061303,0.48682824,-0.12391992,-0.33333334,0.57459348,0.68062532,0.06048353,0.08255719,0.28722975,0.06491043,-0.75593507,-0.65464658,0.00000000,0.00000000,0.00000000,1.00000000,0.00000000,0.00000000,1.00000000,0.00000000,0.800000,0.100000,0.100000,LONG,6.000000,12.000000,72.000000,6.000000,12.000000,72.000000,LONG,0,6.000000,12.000000,6.000000,12.000000,72,1,,0.371667,6,0.011333,0.57459349,1.79308191,adaptive_quantile,1,29,0.1.4,1.0,0.1.2,0.1.0q,0.1.0,0.1.0,0.1.0,0.1
2026.02.20 11:00,US100,PERIOD_M5,Bid,24884.60000000,24895.10000000,24880.35000000,24892.85000000,60.00,16.73214286,31.060432,0.00067217,5,1,0,1,0.00035157,0.00050228,0.00073341,0.88153684,0.49306297,0.69491524,0.99966943,1.16474688,0.10522836,0.14912005,0.31060433,0.03585913,-0.75797170,-0.65228742,0.00000000,0.00000000,0.00000000,0.00000000,0.00000000,1.00000000,1.00000000,0.00000000,0.800000,0.100000,0.100000,LONG,6.000000,12.000000,72.000000,6.000000,12.000000,72.000000,LONG,0,6.000000,12.000000,6.000000,12.000000,72,1,,0.371667,6,0.011333,0.99966943,1.79308191,adaptive_quantile,1,30,0.1.4,1.0,0.1.2,0.1.0q,0.1.0,0.1.0,0.1.0,0.1
2026.02.20 11:05,US100,PERIOD_M5,Bid,24892.60000000,24909.60000000,24889.85000000,24900.85000000,60.00,17.16071429,34.725377,0.00068916,5,1,0,1,0.00032133,0.00059855,0.00183898,1.15088451,0.48074922,0.11392405,1.30365765,1.53902233,0.13722712,0.20585118,0.34725377,0.03496358,-0.76000100,-0.64992189,0.00000000,0.00000000,0.00000000,0.00000000,0.00000000,1.00000000,1.00000000,0.00000000,0.800000,0.100000,0.100000,LONG,6.000000,12.000000,72.000000,6.000000,12.000000,72.000000,LONG,0,6.000000,12.000000,6.000000,12.000000,72,1,,0.371667,6,0.011333,1.30365764,1.79308191,adaptive_quantile,1,31,0.1.4,1.0,0.1.2,0.1.0q,0.1.0,0.1.0,0.1.0,0.1
2026.02.20 11:10,US100,PERIOD_M5,Bid,24900.85000000,24908.10000000,24893.35000000,24907.60000000,60.00,17.05357143,37.901662,0.00068467,5,1,0,1,0.00027104,0.00094393,0.00195915,0.86492145,0.39581153,0.93220341,1.54502547,1.86824811,0.16263425,0.25121492,0.37901661,0.03518325,-0.76202291,-0.64755011,0.00000000,0.00000000,0.00000000,0.00000000,0.00000000,1.00000000,1.00000000,0.00000000,0.800000,0.100000,0.100000,LONG,6.000000,12.000000,72.000000,6.000000,12.000000,72.000000,LONG,0,6.000000,12.000000,6.000000,12.000000,72,1,,0.371667,6,0.011333,1.54502542,1.79308191,adaptive_quantile,1,32,0.1.4,1.0,0.1.2,0.1.0q,0.1.0,0.1.0,0.1.0,0.1
2026.02.20 11:15,US100,PERIOD_M5,Bid,24908.10000000,24931.10000000,24907.60000000,24925.85000000,60.00,16.69642857,42.250330,0.00066984,5,0,0,0,0.00073244,0.00132480,0.00243015,1.40748668,1.06310165,0.55319148,2.41672969,2.88356233,0.25439259,0.35799477,0.42250329,0.03593583,-0.76403737,-0.64517200,0.00000000,0.00000000,0.00000000,0.00000000,0.00000000,1.00000000,0.00000000,0.00000000,0.800000,0.100000,0.100000,LONG,6.000000,12.000000,72.000000,6.000000,12.000000,72.000000,LONG,0,6.000000,12.000000,6.000000,12.000000,72,1,,0.371667,6,0.011333,2.41672963,1.79308191,adaptive_quantile,1,33,0.1.4,1.0,0.1.2,0.1.0q,0.1.0,0.1.0,0.1.0,0.1
2026.02.20 11:20,US100,PERIOD_M5,Bid,24927.60000000,24931.85000000,24921.10000000,24927.60000000,60.00,16.50000000,46.110373,0.00066192,5,0,0,0,0.00007021,0.00107368,0.00274168,0.65151513,0.00000000,0.20930232,2.30855513,2.90536475,0.24300580,0.36731189,0.46110374,0.03636364,-0.76604444,-0.64278764,0.00000000,0.00000000,0.00000000,0.00000000,0.00000000,1.00000000,0.00000000,0.00000000,0.800000,0.100000,0.100000,LONG,6.000000,12.000000,72.000000,6.000000,12.000000,72.000000,LONG,0,6.000000,12.000000,6.000000,12.000000,72,1,,0.371667,6,0.011333,2.30855503,2.00817681,adaptive_quantile,1,34,0.1.4,1.0,0.1.2,0.1.0q,0.1.0,0.1.0,0.1.0,0.1
2026.02.20 11:25,US100,PERIOD_M5,Bid,24927.60000000,24929.85000000,24918.35000000,24923.35000000,60.00,16.60714286,47.537461,0.00066633,5,1,0,1,-0.00017051,0.00063214,0.00187751,0.69247311,-0.25591397,-0.13043478,1.84367597,2.52754140,0.19407116,0.31731218,0.47537461,0.03612903,-0.76804405,-0.64039701,0.00000000,0.00000000,0.00000000,0.00000000,0.00000000,1.00000000,1.00000000,0.00000000,0.800000,0.100000,0.100000,LONG,6.000000,12.000000,72.000000,6.000000,12.000000,72.000000,LONG,0,6.000000,12.000000,6.000000,12.000000,72,1,,0.371667,6,0.011333,1.84367599,2.10199248,adaptive_quantile,1,35,0.1.4,1.0,0.1.2,0.1.0q,0.1.0,0.1.0,0.1.0,0.1
2026.02.20 11:30,US100,PERIOD_M5,Bid,24922.85000000,24929.35000000,24912.60000000,24919.35000000,60.00,16.17857143,46.219468,0.00064924,5,1,0,1,-0.00016050,-0.00026081,0.00284320,1.03532004,-0.21633554,-0.19402985,1.48858166,2.25520635,0.15669280,0.27023196,0.46219468,0.03708609,-0.77003622,-0.63800013,0.00000000,0.00000000,0.00000000,0.00000000,0.00000000,1.00000000,1.00000000,0.00000000,0.800000,0.100000,0.100000,LONG,6.000000,12.000000,72.000000,6.000000,12.000000,72.000000,LONG,0,6.000000,12.000000,6.000000,12.000000,72,1,,0.371667,6,0.011333,1.48858167,2.10199248,adaptive_quantile,1,36,0.1.4,1.0,0.1.2,0.1.0q,0.1.0,0.1.0,0.1.0,0.1
2026.02.20 11:35,US100,PERIOD_M5,Bid,24920.10000000,24921.10000000,24901.60000000,24903.35000000,60.00,16.21428571,41.624871,0.00065109,5,1,0,1,-0.00064228,-0.00097329,0.00156728,1.20264316,-1.03303969,-0.82051283,0.45104074,1.21390760,0.04747797,0.10076362,0.41624871,0.03700440,-0.77202094,-0.63559711,0.00000000,0.00000000,0.00000000,0.00000000,0.00000000,1.00000000,1.00000000,0.00000000,0.800000,0.100000,0.100000,LONG,6.000000,12.000000,72.000000,6.000000,12.000000,72.000000,LONG,0,6.000000,12.000000,6.000000,12.000000,72,1,,0.371667,6,0.011333,0.45104074,2.10199248,adaptive_quantile,1,37,0.1.4,1.0,0.1.2,0.1.0q,0.1.0,0.1.0,0.1.0,0.1
2026.02.20 11:40,US100,PERIOD_M5,Bid,24903.35000000,24908.10000000,24898.35000000,24905.60000000,60.00,14.75000000,36.200753,0.00059224,5,1,0,1,0.00009035,-0.00071244,0.00145656,0.66101694,0.15254237,0.48717949,0.58661103,1.42864680,0.06174853,0.11857261,0.36200753,0.04067796,-0.77399808,-0.63318789,0.00000000,0.00000000,0.00000000,0.00000000,0.00000000,1.00000000,1.00000000,0.00000000,0.800000,0.100000,0.100000,LONG,6.000000,12.000000,72.000000,6.000000,12.000000,72.000000,LONG,0,6.000000,12.000000,6.000000,12.000000,72,1,,0.371667,6,0.011333,0.58661102,2.10199248,adaptive_quantile,1,38,0.1.4,1.0,0.1.2,0.1.0q,0.1.0,0.1.0,0.1.0,0.1
2026.02.20 11:45,US100,PERIOD_M5,Bid,24905.85000000,24908.10000000,24887.85000000,24889.85000000,60.00,14.71428571,33.737902,0.00059118,5,0,0,0,-0.00063259,-0.00118452,0.00038175,1.37621355,-1.08737862,-0.80246913,-0.43641508,0.34754071,-0.04593843,-0.02673235,0.33737901,0.04077670,-0.77596778,-0.63077253,0.00000000,0.00000000,0.00000000,0.00000000,0.00000000,1.00000000,0.00000000,0.00000000,0.800000,0.100000,0.100000,LONG,6.000000,12.000000,72.000000,6.000000,12.000000,72.000000,LONG,0,6.000000,12.000000,6.000000,12.000000,72,1,,0.371667,6,0.011333,0.43641508,2.10199248,adaptive_quantile,1,39,0.1.4,1.0,0.1.2,0.1.0q,0.1.0,0.1.0,0.1.0,0.1
2026.02.20 11:50,US100,PERIOD_M5,Bid,24890.10000000,24894.35000000,24883.60000000,24891.60000000,60.00,14.75000000,33.026575,0.00059257,5,0,0,0,0.00007031,-0.00047194,0.00022701,0.72881359,0.10169491,0.48837209,-0.28655106,0.44709450,-0.03016327,-0.01101726,0.33026576,0.04067796,-0.77792990,-0.62835109,0.00000000,0.00000000,0.00000000,0.00000000,0.00000000,1.00000000,0.00000000,0.00000000,0.800000,0.100000,0.100000,LONG,6.000000,12.000000,72.000000,6.000000,12.000000,72.000000,LONG,0,6.000000,12.000000,6.000000,12.000000,72,1,,0.371667,6,0.011333,0.28655105,2.10199248,adaptive_quantile,1,40,0.1.4,1.0,0.1.2,0.1.0q,0.1.0,0.1.0,0.1.0,0.1
2026.02.20 11:55,US100,PERIOD_M5,Bid,24891.60000000,24893.10000000,24879.60000000,24883.85000000,60.00,14.57142857,33.373062,0.00058558,5,0,0,0,-0.00031140,-0.00087368,-0.00001005,0.92647058,-0.53186274,-0.37037036,-0.74364686,-0.07617975,-0.07827862,-0.07829913,0.33373061,0.04117647,-0.77988446,-0.62592345,0.00000000,0.00000000,0.00000000,0.00000000,0.00000000,1.00000000,0.00000000,0.00000000,0.800000,0.100000,0.100000,LONG,6.000000,12.000000,72.000000,6.000000,12.000000,72.000000,LONG,0,6.000000,12.000000,6.000000,12.000000,72,1,,0.371667,6,0.011333,0.74364684,2.10199248,adaptive_quantile,1,41,0.1.4,1.0,0.1.2,0.1.0q,0.1.0,0.1.0,0.1.0,0.1
2026.02.20 12:00,US100,PERIOD_M5,Bid,24884.35000000,24887.35000000,24871.85000000,24879.10000000,60.00,14.94642857,35.082458,0.00060076,5,0,0,0,-0.00019091,-0.00043200,-0.00055252,1.03703701,-0.35125449,-0.06451613,-0.94347727,-0.37669480,-0.09931340,-0.11790865,0.35082459,0.04014337,-0.78183150,-0.62348980,0.00000000,0.00000000,0.00000000,0.00000000,0.00000000,1.00000000,0.00000000,0.00000000,0.800000,0.100000,0.100000,LONG,6.000000,12.000000,72.000000,6.000000,12.000000,72.000000,LONG,0,6.000000,12.000000,6.000000,12.000000,72,1,,0.371667,6,0.011333,0.94347730,2.10199248,adaptive_quantile,1,42,0.1.4,1.0,0.1.2,0.1.0q,0.1.0,0.1.0,0.1.0,0.1
2026.02.20 12:05,US100,PERIOD_M5,Bid,24879.10000000,24892.10000000,24877.35000000,24888.85000000,60.00,15.41071429,34.444392,0.00061918,5,0,0,0,0.00039182,-0.00011049,-0.00048203,0.95712632,0.63267672,0.55932206,-0.25548306,0.25684720,-0.02689295,-0.02092489,0.34444392,0.03893395,-0.78377086,-0.62105006,0.00000000,0.00000000,0.00000000,0.00000000,0.00000000,1.00000000,0.00000000,0.00000000,0.800000,0.100000,0.100000,LONG,6.000000,12.000000,72.000000,6.000000,12.000000,72.000000,LONG,0,6.000000,12.000000,6.000000,12.000000,72,1,,0.371667,6,0.011333,0.25548306,2.10199248,adaptive_quantile,1,43,0.1.4,1.0,0.1.2,0.1.0q,0.1.0,0.1.0,0.1.0,0.1
2026.02.20 12:10,US100,PERIOD_M5,Bid,24889.10000000,24891.60000000,24880.85000000,24888.85000000,60.00,15.12500000,33.891402,0.00060770,5,0,0,0,0.00000000,0.00020091,-0.00075307,0.71074378,-0.01652892,0.48837209,-0.23551784,0.25143638,-0.02479135,-0.02092489,0.33891401,0.03966942,-0.78570271,-0.61860430,0.00000000,0.00000000,0.00000000,0.00000000,0.00000000,1.00000000,0.00000000,0.00000000,0.800000,0.100000,0.100000,LONG,6.000000,12.000000,72.000000,6.000000,12.000000,72.000000,LONG,0,6.000000,12.000000,6.000000,12.000000,72,1,,0.371667,6,0.011333,0.23551784,2.10199248,adaptive_quantile,1,44,0.1.4,1.0,0.1.2,0.1.0q,0.1.0,0.1.0,0.1.0,0.1
2026.02.20 12:15,US100,PERIOD_M5,Bid,24888.85000000,24894.10000000,24884.35000000,24888.85000000,60.00,14.41071429,31.616587,0.00057900,5,0,0,0,0.00000000,0.00039182,-0.00148551,0.67657995,0.00000000,-0.07692308,-0.22364953,0.25355017,-0.02354206,-0.02092489,0.31616586,0.04163569,-0.78762686,-0.61615252,0.00000000,0.00000000,0.00000000,0.00000000,0.00000000,1.00000000,0.00000000,0.00000000,0.800000,0.100000,0.100000,LONG,6.000000,12.000000,72.000000,6.000000,12.000000,72.000000,LONG,0,6.000000,12.000000,6.000000,12.000000,72,1,,0.371667,6,0.011333,0.22364953,2.10199248,adaptive_quantile,1,45,0.1.4,1.0,0.1.2,0.1.0q,0.1.0,0.1.0,0.1.0,0.1
2026.02.20 12:20,US100,PERIOD_M5,Bid,24888.85000000,24890.10000000,24868.10000000,24872.60000000,60.00,14.92857143,32.480548,0.00060020,5,0,0,0,-0.00065312,-0.00065312,-0.00220883,1.47368419,-1.08851671,-0.59090906,-1.18017876,-0.81067330,-0.12422934,-0.17069051,0.32480547,0.04019139,-0.78954333,-0.61369479,0.00000000,0.00000000,0.00000000,0.00000000,0.00000000,1.00000000,0.00000000,0.00000000,0.800000,0.100000,0.100000,LONG,6.000000,12.000000,72.000000,6.000000,12.000000,72.000000,LONG,0,6.000000,12.000000,6.000000,12.000000,72,1,,0.371667,6,0.011333,1.18017876,2.10199248,adaptive_quantile,1,46,0.1.4,1.0,0.1.2,0.1.0q,0.1.0,0.1.0,0.1.0,0.1
2026.02.20 12:25,US100,PERIOD_M5,Bid,24873.10000000,24878.10000000,24868.35000000,24874.35000000,60.00,13.94642857,33.229314,0.00056068,5,0,0,0,0.00007036,-0.00058276,-0.00196796,0.69910371,0.08962868,0.23076923,-1.02944696,-0.71317363,-0.10836284,-0.15028392,0.33229315,0.04302177,-0.79145217,-0.61123109,0.00000000,0.00000000,0.00000000,0.00000000,0.00000000,1.00000000,0.00000000,0.00000000,0.800000,0.100000,0.100000,LONG,6.000000,12.000000,72.000000,6.000000,12.000000,72.000000,LONG,0,6.000000,12.000000,6.000000,12.000000,72,1,,0.371667,6,0.011333,1.02944694,2.10199248,adaptive_quantile,1,47,0.1.4,1.0,0.1.2,0.1.0q,0.1.0,0.1.0,0.1.0,0.1
2026.02.20 12:30,US100,PERIOD_M5,Bid,24874.60000000,24877.35000000,24865.10000000,24867.85000000,60.00,14.05357143,34.777514,0.00056513,5,0,0,0,-0.00026135,-0.00084411,-0.00206881,0.87166452,-0.48030496,-0.55102038,-1.34277022,-1.12436008,-0.14134423,-0.20566866,0.34777513,0.04269378,-0.79335332,-0.60876143,0.00000000,0.00000000,0.00000000,0.00000000,0.00000000,1.00000000,0.00000000,0.00000000,0.800000,0.100000,0.100000,LONG,6.000000,12.000000,72.000000,6.000000,12.000000,72.000000,LONG,0,6.000000,12.000000,6.000000,12.000000,72,1,,0.371667,6,0.011333,1.34277021,2.10199248,adaptive_quantile,1,48,0.1.4,1.0,0.1.2,0.1.0q,0.1.0,0.1.0,0.1.0,0.1
2026.02.20 12:35,US100,PERIOD_M5,Bid,24867.60000000,24884.35000000,24866.35000000,24878.60000000,60.00,14.51785714,33.114328,0.00058355,5,0,0,0,0.00043219,0.00024120,-0.00099434,1.23985243,0.75768757,0.36111110,-0.50608814,-0.33429080,-0.05327244,-0.08026081,0.33114329,0.04132841,-0.79524678,-0.60628587,0.00000000,0.00000000,0.00000000,0.00000000,0.00000000,1.00000000,0.00000000,0.00000000,0.800000,0.100000,0.100000,LONG,6.000000,12.000000,72.000000,6.000000,12.000000,72.000000,LONG,0,6.000000,12.000000,6.000000,12.000000,72,1,,0.371667,6,0.011333,0.50608815,2.10199248,adaptive_quantile,1,49,0.1.4,1.0,0.1.2,0.1.0q,0.1.0,0.1.0,0.1.0,0.1
2026.02.20 12:40,US100,PERIOD_M5,Bid,24878.60000000,24879.10000000,24865.35000000,24873.35000000,60.00,14.30357143,32.009432,0.00057506,5,0,0,0,-0.00021105,-0.00004020,-0.00129573,0.96129841,-0.36704120,0.16363636,-0.79683393,-0.67864048,-0.08387726,-0.12796600,0.32009432,0.04194757,-0.79713249,-0.60380441,0.00000000,0.00000000,0.00000000,0.00000000,0.00000000,1.00000000,0.00000000,0.00000000,0.800000,0.100000,0.100000,LONG,6.000000,12.000000,72.000000,6.000000,12.000000,72.000000,LONG,0,6.000000,12.000000,6.000000,12.000000,72,1,,0.371667,6,0.011333,0.79683393,2.10199248,adaptive_quantile,1,50,0.1.4,1.0,0.1.2,0.1.0q,0.1.0,0.1.0,0.1.0,0.1
2026.02.20 12:45,US100,PERIOD_M5,Bid,24873.60000000,24883.60000000,24870.10000000,24880.60000000,60.00,13.87500000,28.611727,0.00055766,3,0,0,0,0.00029143,0.00051258,-0.00037171,0.97297299,0.50450450,0.55555558,-0.27045509,-0.17013554,-0.02846896,-0.04718871,0.28611729,0.04324324,-0.79901046,-0.60131711,0.00000000,0.00000000,0.00000000,1.00000000,0.00000000,0.00000000,0.00000000,0.00000000,0.800000,0.100000,0.100000,LONG,6.000000,12.000000,72.000000,6.000000,12.000000,72.000000,LONG,0,6.000000,12.000000,6.000000,12.000000,72,1,,0.371667,6,0.011333,0.27045509,1.84367599,adaptive_quantile,1,51,0.1.4,1.0,0.1.2,0.1.0q,0.1.0,0.1.0,0.1.0,0.1
2026.02.20 12:50,US100,PERIOD_M5,Bid,24880.85000000,24881.85000000,24867.35000000,24870.60000000,60.00,14.21428571,26.761295,0.00057153,3,0,0,0,-0.00040200,-0.00032161,-0.00084401,1.02010047,-0.72110552,-0.55172414,-0.87537259,-0.83549047,-0.09214448,-0.13879904,0.26761293,0.04221106,-0.80088073,-0.59882390,0.00000000,0.00000000,0.00000000,1.00000000,0.00000000,0.00000000,0.00000000,0.00000000,0.800000,0.100000,0.100000,LONG,6.000000,12.000000,72.000000,6.000000,12.000000,72.000000,LONG,0,6.000000,12.000000,6.000000,12.000000,72,1,,0.371667,6,0.011333,0.87537260,1.79308191,adaptive_quantile,1,52,0.1.4,1.0,0.1.2,0.1.0q,0.1.0,0.1.0,0.1.0,0.1
2026.02.20 12:55,US100,PERIOD_M5,Bid,24870.10000000,24874.10000000,24848.35000000,24849.60000000,110.00,14.60714286,28.371684,0.00058782,3,0,0,0,-0.00084473,-0.00095529,-0.00137734,1.76283622,-1.40342295,-0.90291262,-2.07143641,-2.16241121,-0.21804594,-0.29261383,0.28371683,0.07530563,-0.80274314,-0.59632498,0.00000000,0.00000000,0.00000000,1.00000000,0.00000000,0.00000000,0.00000000,0.00000000,0.800000,0.100000,0.100000,LONG,6.000000,12.000000,72.000000,6.000000,12.000000,72.000000,LONG,0,6.000000,12.000000,6.000000,12.000000,72,1,,0.371667,6,0.011333,2.07143644,1.69746556,adaptive_quantile,1,53,0.1.4,1.0,0.1.2,0.1.0q,0.1.0,0.1.0,0.1.0,0.1
2026.02.20 13:00,US100,PERIOD_M5,Bid,24849.60000000,24849.85000000,24790.60000000,24799.10000000,60.00,18.07142857,32.223078,0.00072871,5,0,0,0,-0.00203429,-0.00328102,-0.00322073,3.27865624,-2.79446650,-0.71308017,-4.04320860,-4.36421299,-0.42560089,-0.51633078,0.32223079,0.03320158,-0.80459780,-0.59382021,0.00000000,0.00000000,0.00000000,0.00000000,0.00000000,1.00000000,0.00000000,0.00000000,0.800000,0.100000,0.100000,LONG,6.000000,12.000000,72.000000,6.000000,12.000000,72.000000,LONG,0,0.000000,0.000000,0.000000,0.000000,72,1,,0.371667,6,0.011333,4.04320841,1.69746556,adaptive_quantile,0,0,0.1.4,1.0,0.1.2,0.1.0q,0.1.0,0.1.0,0.1.0,0.1
2026.02.20 13:05,US100,PERIOD_M5,Bid,24797.85000000,24819.25000000,24797.85000000,24817.35000000,60.00,18.63571429,35.560952,0.00075091,5,0,0,0,0.00073564,-0.00214338,-0.00287691,1.14833272,1.04637790,0.82242990,-2.66133761,-3.12520385,-0.28014082,-0.35015011,0.35560951,0.03219624,-0.80644459,-0.59130967,0.00000000,0.00000000,0.00000000,0.00000000,0.00000000,1.00000000,0.00000000,0.00000000,0.800000,0.100000,0.100000,LONG,6.000000,12.000000,72.000000,6.000000,12.000000,72.000000,LONG,0,0.000000,0.000000,0.000000,0.000000,72,1,,0.371667,6,0.011333,2.66133765,1.69746556,adaptive_quantile,0,0,0.1.4,1.0,0.1.2,0.1.0q,0.1.0,0.1.0,0.1.0,0.1
2026.02.20 13:10,US100,PERIOD_M5,Bid,24817.60000000,24825.60000000,24814.60000000,24815.10000000,60.00,18.31428571,34.430308,0.00073803,5,0,0,0,-0.00009067,-0.00138932,-0.00296757,0.60062402,-0.13650545,-0.90909094,-2.56129122,-3.17338252,-0.26960960,-0.35947040,0.34430307,0.03276131,-0.80828357,-0.58879340,0.00000000,0.00000000,0.00000000,0.00000000,0.00000000,1.00000000,0.00000000,0.00000000,0.800000,0.100000,0.100000,LONG,6.000000,12.000000,72.000000,6.000000,12.000000,72.000000,LONG,0,0.000000,0.000000,0.000000,0.000000,72,1,,0.371667,6,0.011333,2.56129130,1.69746556,adaptive_quantile,0,0,0.1.4,1.0,0.1.2,0.1.0q,0.1.0,0.1.0,0.1.0,0.1
2026.02.20 13:15,US100,PERIOD_M5,Bid,24814.60000000,24828.85000000,24810.25000000,24810.25000000,60.00,18.58928571,34.250742,0.00074926,5,0,0,0,-0.00019546,0.00044951,-0.00316304,1.00057638,-0.23400576,-1.00000000,-2.51913214,-3.25450325,-0.26517180,-0.38010883,0.34250742,0.03227666,-0.81011474,-0.58627135,0.00000000,0.00000000,0.00000000,0.00000000,0.00000000,1.00000000,0.00000000,0.00000000,0.800000,0.100000,0.100000,LONG,6.000000,12.000000,72.000000,6.000000,12.000000,72.000000,LONG,0,0.000000,0.000000,0.000000,0.000000,72,1,,0.371667,6,0.011333,2.51913210,1.69746556,adaptive_quantile,0,0,0.1.4,1.0,0.1.2,0.1.0q,0.1.0,0.1.0,0.1.0,0.1
2026.02.20 13:20,US100,PERIOD_M5,Bid,24810.00000000,24818.60000000,24804.35000000,24817.10000000,60.00,18.83928571,35.379426,0.00075913,5,0,0,0,0.00027606,-0.00001007,-0.00223386,0.75639808,0.37687203,0.78947371,-1.91999614,-2.73603845,-0.20210485,-0.31563178,0.35379425,0.03184834,-0.81193799,-0.58374369,0.00000000,0.00000000,0.00000000,0.00000000,0.00000000,1.00000000,0.00000000,0.00000000,0.800000,0.100000,0.100000,LONG,6.000000,12.000000,72.000000,6.000000,12.000000,72.000000,LONG,0,0.000000,0.000000,0.000000,0.000000,72,1,,0.371667,6,0.011333,1.91999611,1.69746556,adaptive_quantile,0,0,0.1.4,1.0,0.1.2,0.1.0q,0.1.0,0.1.0,0.1.0,0.1
2026.02.20 13:25,US100,PERIOD_M5,Bid,24817.35000000,24833.10000000,24817.10000000,24826.10000000,60.00,19.28571429,31.284226,0.00077683,5,0,1,1,0.00036259,0.00044318,-0.00194163,0.82962960,0.45370370,0.12500000,-1.27470553,-2.11952639,-0.13417953,-0.23405565,0.31284225,0.03111111,-0.81375337,-0.58121032,0.00000000,0.00000000,0.00000000,0.00000000,0.00000000,1.00000000,0.00000000,1.00000000,0.800000,0.100000,0.100000,LONG,6.000000,12.000000,72.000000,6.000000,12.000000,72.000000,LONG,1,6.000000,12.000000,6.000000,12.000000,72,1,,0.371667,6,0.011333,1.27470555,1.69746556,adaptive_quantile,1,0,0.1.4,1.0,0.1.2,0.1.0q,0.1.0,0.1.0,0.1.0,0.1
2026.02.20 13:30,US100,PERIOD_M5,Bid,24826.35000000,24831.85000000,24819.60000000,24829.35000000,60.00,18.58928571,27.735053,0.00074868,3,0,1,1,0.00013090,0.00076955,-0.00154938,0.65898174,0.16138329,0.59183675,-1.03833115,-1.94472384,-0.10929802,-0.20499930,0.27735052,0.03227666,-0.81556088,-0.57867128,0.00000000,0.00000000,0.00000000,1.00000000,0.00000000,0.00000000,0.00000000,1.00000000,0.800000,0.100000,0.100000,LONG,6.000000,12.000000,72.000000,6.000000,12.000000,72.000000,LONG,1,6.000000,12.000000,6.000000,12.000000,72,1,,0.371667,6,0.011333,1.03833118,1.61541247,adaptive_quantile,1,1,0.1.4,1.0,0.1.2,0.1.0q,0.1.0,0.1.0,0.1.0,0.1
2026.02.20 13:35,US100,PERIOD_M5,Bid,24829.35000000,24835.35000000,24812.85000000,24813.10000000,60.00,19.50000000,25.995686,0.00078588,3,0,0,0,-0.00065468,-0.00016119,-0.00263626,1.15384614,-0.83333331,-0.97777778,-1.64953566,-2.58185053,-0.17363533,-0.29445094,0.25995687,0.03076923,-0.81736040,-0.57612664,0.00000000,0.00000000,0.00000000,1.00000000,0.00000000,0.00000000,0.00000000,0.00000000,0.800000,0.100000,0.100000,LONG,6.000000,12.000000,72.000000,6.000000,12.000000,72.000000,LONG,0,6.000000,12.000000,6.000000,12.000000,72,1,,0.371667,6,0.011333,1.64953569,1.54502542,adaptive_quantile,1,2,0.1.4,1.0,0.1.2,0.1.0q,0.1.0,0.1.0,0.1.0,0.1
2026.02.20 13:40,US100,PERIOD_M5,Bid,24813.85000000,24818.10000000,24797.20000000,24809.60000000,60.00,20.11785714,27.132184,0.00081089,3,0,0,0,-0.00014106,-0.00066484,-0.00256627,1.03887808,-0.21125510,0.18660288,-1.60400724,-2.57156992,-0.16884287,-0.31239653,0.27132183,0.02982425,-0.81915206,-0.57357645,0.00000000,0.00000000,0.00000000,1.00000000,0.00000000,0.00000000,0.00000000,0.00000000,0.800000,0.100000,0.100000,LONG,6.000000,12.000000,72.000000,6.000000,12.000000,72.000000,LONG,0,6.000000,12.000000,6.000000,12.000000,72,1,,0.371667,6,0.011333,1.60400727,1.54502542,adaptive_quantile,1,3,0.1.4,1.0,0.1.2,0.1.0q,0.1.0,0.1.0,0.1.0,0.1
2026.02.20 13:45,US100,PERIOD_M5,Bid,24809.60000000,24811.35000000,24784.20000000,24786.35000000,60.00,20.77142857,29.395279,0.00083802,3,0,0,0,-0.00093758,-0.00173332,-0.00379529,1.30708396,-1.11932600,-0.84162062,-2.41830492,-3.46841359,-0.25455841,-0.41825038,0.29395279,0.02888583,-0.82093573,-0.57102066,0.00000000,0.00000000,0.00000000,1.00000000,0.00000000,0.00000000,0.00000000,0.00000000,0.800000,0.100000,0.100000,LONG,6.000000,12.000000,72.000000,6.000000,12.000000,72.000000,LONG,0,6.000000,12.000000,6.000000,12.000000,72,1,,0.371667,6,0.011333,2.41830489,1.60400727,adaptive_quantile,1,4,0.1.4,1.0,0.1.2,0.1.0q,0.1.0,0.1.0,0.1.0,0.1
2026.02.20 13:50,US100,PERIOD_M5,Bid,24786.60000000,24795.10000000,24778.10000000,24782.85000000,60.00,21.00357143,32.194012,0.00084750,5,0,0,0,-0.00014122,-0.00121986,-0.00353450,0.80938613,-0.17854106,-0.44117647,-2.31457520,-3.45566940,-0.24363950,-0.43241578,0.32194012,0.02856657,-0.82271141,-0.56845927,0.00000000,0.00000000,0.00000000,0.00000000,0.00000000,1.00000000,0.00000000,0.00000000,0.800000,0.100000,0.100000,LONG,6.000000,12.000000,72.000000,6.000000,12.000000,72.000000,LONG,0,6.000000,12.000000,6.000000,12.000000,72,1,,0.371667,6,0.011333,2.31457530,1.61541247,adaptive_quantile,1,5,0.1.4,1.0,0.1.2,0.1.0q,0.1.0,0.1.0,0.1.0,0.1
2026.02.20 13:55,US100,PERIOD_M5,Bid,24783.10000000,24785.35000000,24759.10000000,24777.10000000,60.00,21.91428571,35.990959,0.00088446,5,0,0,0,-0.00023204,-0.00131084,-0.00292182,1.19784880,-0.27379400,0.37142858,-2.24450803,-3.43427038,-0.23626401,-0.45585752,0.35990959,0.02737940,-0.82447910,-0.56589240,0.00000000,0.00000000,0.00000000,0.00000000,0.00000000,1.00000000,0.00000000,0.00000000,0.800000,0.100000,0.100000,LONG,6.000000,12.000000,72.000000,6.000000,12.000000,72.000000,LONG,0,6.000000,12.000000,6.000000,12.000000,72,1,,0.371667,6,0.011333,2.24450805,1.64953569,adaptive_quantile,1,6,0.1.4,1.0,0.1.2,0.1.0q,0.1.0,0.1.0,0.1.0,0.1
2026.02.20 14:00,US100,PERIOD_M5,Bid,24779.35000000,24782.60000000,24753.10000000,24777.10000000,60.00,22.98571429,39.611912,0.00092770,5,0,0,0,0.00000000,-0.00037326,-0.00088752,1.28340590,-0.09788688,0.62711865,-1.93608665,-3.14578986,-0.20379859,-0.45585752,0.39611912,0.02610317,-0.82623875,-0.56332004,0.00000000,0.00000000,0.00000000,0.00000000,0.00000000,1.00000000,0.00000000,0.00000000,0.800000,0.100000,0.100000,LONG,6.000000,12.000000,72.000000,6.000000,12.000000,72.000000,LONG,0,6.000000,12.000000,6.000000,12.000000,72,1,,0.371667,6,0.011333,1.93608664,1.69746556,adaptive_quantile,1,7,0.1.4,1.0,0.1.2,0.1.0q,0.1.0,0.1.0,0.1.0,0.1
2026.02.20 14:05,US100,PERIOD_M5,Bid,24777.60000000,24783.85000000,24770.60000000,24777.35000000,60.00,22.09285714,42.040740,0.00089166,5,0,1,1,0.00001009,-0.00022195,-0.00161308,0.59974134,-0.01131587,0.01886792,-1.81225204,-3.13370109,-0.19076338,-0.45283186,0.42040741,0.02715810,-0.82799041,-0.56074220,0.00000000,0.00000000,0.00000000,0.00000000,0.00000000,1.00000000,0.00000000,1.00000000,0.800000,0.100000,0.100000,LONG,6.000000,12.000000,72.000000,6.000000,12.000000,72.000000,LONG,1,6.000000,12.000000,6.000000,12.000000,72,1,,0.371667,6,0.011333,1.81225208,1.84367599,adaptive_quantile,1,8,0.1.4,1.0,0.1.2,0.1.0q,0.1.0,0.1.0,0.1.0,0.1
2026.02.20 14:10,US100,PERIOD_M5,Bid,24776.35000000,24789.85000000,24774.10000000,24787.60000000,60.00,18.98571429,41.370176,0.00076594,5,0,1,1,0.00041360,0.00042369,-0.00110881,0.82957113,0.59255081,0.71428573,-1.41953528,-2.98484302,-0.14942476,-0.33072135,0.41370177,0.03160271,-0.82973403,-0.55815893,0.00000000,0.00000000,0.00000000,0.00000000,0.00000000,1.00000000,0.00000000,1.00000000,0.800000,0.100000,0.100000,LONG,6.000000,12.000000,72.000000,6.000000,12.000000,72.000000,LONG,1,6.000000,12.000000,6.000000,12.000000,72,1,,0.371667,6,0.011333,1.41953524,1.84367599,adaptive_quantile,1,9,0.1.4,1.0,0.1.2,0.1.0q,0.1.0,0.1.0,0.1.0,0.1
2026.02.20 14:15,US100,PERIOD_M5,Bid,24787.60000000,24796.85000000,24758.10000000,24758.10000000,60.00,20.22500000,41.978190,0.00081690,5,0,0,0,-0.00119082,-0.00076713,-0.00210417,1.91594565,-1.45859087,-1.00000000,-2.52532101,-4.09345770,-0.26582325,-0.46904042,0.41978189,0.02966625,-0.83146960,-0.55557024,0.00000000,0.00000000,0.00000000,0.00000000,0.00000000,1.00000000,0.00000000,0.00000000,0.800000,0.100000,0.100000,LONG,6.000000,12.000000,72.000000,6.000000,12.000000,72.000000,LONG,0,6.000000,12.000000,6.000000,12.000000,72,1,,0.371667,6,0.011333,2.52532090,1.84367599,adaptive_quantile,1,10,0.1.4,1.0,0.1.2,0.1.0q,0.1.0,0.1.0,0.1.0,0.1
2026.02.20 14:20,US100,PERIOD_M5,Bid,24759.35000000,24767.35000000,24747.35000000,24764.10000000,60.00,20.86785714,43.769493,0.00084267,5,0,0,0,0.00024232,-0.00053491,-0.00213791,0.95841175,0.22762279,0.67500001,-1.95428765,-3.53552389,-0.20571448,-0.40542018,0.43769494,0.02875235,-0.83319712,-0.55297613,0.00000000,0.00000000,0.00000000,0.00000000,0.00000000,1.00000000,0.00000000,0.00000000,0.800000,0.100000,0.100000,LONG,6.000000,12.000000,72.000000,6.000000,12.000000,72.000000,LONG,0,6.000000,12.000000,6.000000,12.000000,72,1,,0.371667,6,0.011333,1.95428761,1.91999611,adaptive_quantile,1,11,0.1.4,1.0,0.1.2,0.1.0q,0.1.0,0.1.0,0.1.0,0.1
2026.02.20 14:25,US100,PERIOD_M5,Bid,24764.10000000,24770.35000000,24754.10000000,24755.60000000,60.00,20.70000000,43.975297,0.00083617,5,0,0,0,-0.00034330,-0.00129180,-0.00284379,0.78502417,-0.41062802,-0.81538463,-2.15402365,-3.81894612,-0.22673933,-0.44227019,0.43975297,0.02898551,-0.83491647,-0.55037665,0.00000000,0.00000000,0.00000000,0.00000000,0.00000000,1.00000000,0.00000000,0.00000000,0.800000,0.100000,0.100000,LONG,6.000000,12.000000,72.000000,6.000000,12.000000,72.000000,LONG,0,6.000000,12.000000,6.000000,12.000000,72,1,,0.371667,6,0.011333,2.15402370,1.93608664,adaptive_quantile,1,12,0.1.4,1.0,0.1.2,0.1.0q,0.1.0,0.1.0,0.1.0,0.1
2026.02.20 14:30,US100,PERIOD_M5,Bid,24755.35000000,24760.85000000,24738.35000000,24750.10000000,60.00,21.28928571,45.767864,0.00086017,5,0,0,0,-0.00022220,-0.00032318,-0.00319689,1.05686963,-0.24660292,0.04444445,-2.12867522,-3.81583548,-0.22407109,-0.46535987,0.45767865,0.02818319,-0.83662778,-0.54777181,0.00000000,0.00000000,0.00000000,0.00000000,0.00000000,1.00000000,0.00000000,0.00000000,0.800000,0.100000,0.100000,LONG,6.000000,12.000000,72.000000,6.000000,12.000000,72.000000,LONG,0,6.000000,12.000000,6.000000,12.000000,72,1,,0.371667,6,0.011333,2.12867532,1.95428761,adaptive_quantile,1,13,0.1.4,1.0,0.1.2,0.1.0q,0.1.0,0.1.0,0.1.0,0.1
2026.02.20 14:35,US100,PERIOD_M5,Bid,24749.60000000,24767.35000000,24745.60000000,24753.10000000,60.00,21.70000000,45.257542,0.00087666,5,0,1,1,0.00012120,-0.00044429,-0.00242101,1.00230420,0.16129032,-0.31034482,-1.76440990,-3.46397781,-0.18572736,-0.43057051,0.45257542,0.02764977,-0.83833092,-0.54516172,0.00000000,0.00000000,0.00000000,0.00000000,0.00000000,1.00000000,0.00000000,1.00000000,0.800000,0.100000,0.100000,LONG,6.000000,12.000000,72.000000,6.000000,12.000000,72.000000,LONG,1,6.000000,12.000000,6.000000,12.000000,72,1,,0.371667,6,0.011333,1.76440984,2.07143644,adaptive_quantile,1,14,0.1.4,1.0,0.1.2,0.1.0q,0.1.0,0.1.0,0.1.0,0.1
2026.02.20 14:40,US100,PERIOD_M5,Bid,24752.35000000,24759.85000000,24743.60000000,24751.60000000,60.00,21.98571429,45.160833,0.00088825,5,0,1,1,-0.00006060,-0.00016159,-0.00234054,0.73911631,-0.03411306,-0.01538462,-1.63735366,-3.35043550,-0.17235301,-0.43775806,0.45160833,0.02729045,-0.84002590,-0.54254627,0.00000000,0.00000000,0.00000000,0.00000000,0.00000000,1.00000000,0.00000000,1.00000000,0.800000,0.100000,0.100000,LONG,6.000000,12.000000,72.000000,6.000000,12.000000,72.000000,LONG,1,6.000000,12.000000,6.000000,12.000000,72,1,,0.371667,6,0.011333,1.63735365,2.07143644,adaptive_quantile,1,15,0.1.4,1.0,0.1.2,0.1.0q,0.1.0,0.1.0,0.1.0,0.1
2026.02.20 14:45,US100,PERIOD_M5,Bid,24751.10000000,24758.35000000,24740.10000000,24753.35000000,60.00,21.68214286,45.626499,0.00087593,5,0,1,1,0.00007070,0.00013130,-0.00133226,0.84170645,0.10377203,0.45205480,-1.42913175,-3.18656921,-0.15043491,-0.41531286,0.45626500,0.02767254,-0.84171277,-0.53992558,0.00000000,0.00000000,0.00000000,0.00000000,0.00000000,1.00000000,0.00000000,1.00000000,0.800000,0.100000,0.100000,LONG,6.000000,12.000000,72.000000,6.000000,12.000000,72.000000,LONG,1,6.000000,12.000000,6.000000,12.000000,72,1,,0.371667,6,0.011333,1.42913172,2.07143644,adaptive_quantile,1,16,0.1.4,1.0,0.1.2,0.1.0q,0.1.0,0.1.0,0.1.0,0.1
2026.02.20 14:50,US100,PERIOD_M5,Bid,24753.85000000,24772.60000000,24750.35000000,24760.60000000,60.00,21.77857143,41.618681,0.00087957,5,0,1,1,0.00029285,0.00030295,-0.00089820,1.02164650,0.30993769,-0.07865169,-0.98610717,-2.72820878,-0.10380076,-0.32315481,0.41618681,0.02755002,-0.84339142,-0.53729963,0.00000000,0.00000000,0.00000000,0.00000000,0.00000000,1.00000000,0.00000000,1.00000000,0.800000,0.100000,0.100000,LONG,6.000000,12.000000,72.000000,6.000000,12.000000,72.000000,LONG,1,6.000000,12.000000,6.000000,12.000000,72,1,,0.371667,6,0.011333,0.98610719,2.07143644,adaptive_quantile,1,17,0.1.4,1.0,0.1.2,0.1.0q,0.1.0,0.1.0,0.1.0,0.1
2026.02.20 14:55,US100,PERIOD_M5,Bid,24760.85000000,24778.10000000,24757.10000000,24777.10000000,60.00,21.33928571,36.680786,0.00086125,5,0,1,1,0.00066616,0.00102971,0.00000000,0.98410040,0.76150626,0.90476191,-0.21097709,-1.93228066,-0.02220812,-0.14105192,0.36680785,0.02811716,-0.84506190,-0.53466845,0.00000000,0.00000000,0.00000000,0.00000000,0.00000000,1.00000000,0.00000000,1.00000000,0.800000,0.100000,0.100000,LONG,6.000000,12.000000,72.000000,6.000000,12.000000,72.000000,LONG,1,6.000000,12.000000,6.000000,12.000000,72,1,,0.371667,6,0.011333,0.21097710,2.07143644,adaptive_quantile,1,18,0.1.4,1.0,0.1.2,0.1.0q,0.1.0,0.1.0,0.1.0,0.1
2026.02.20 15:00,US100,PERIOD_M5,Bid,24775.85000000,24781.10000000,24767.10000000,24776.60000000,60.00,21.12500000,32.326872,0.00085262,5,0,1,1,-0.00002018,0.00093883,-0.00002018,0.66272187,0.03550296,0.35714287,-0.21423480,-1.89807725,-0.02255103,-0.14489250,0.32326871,0.02840237,-0.84672421,-0.53203207,0.00000000,0.00000000,0.00000000,0.00000000,0.00000000,1.00000000,0.00000000,1.00000000,0.800000,0.100000,0.100000,LONG,6.000000,12.000000,72.000000,6.000000,12.000000,72.000000,LONG,1,6.000000,12.000000,6.000000,12.000000,72,1,,0.371667,6,0.011333,0.21423479,2.07143644,adaptive_quantile,1,19,0.1.4,1.0,0.1.2,0.1.0q,0.1.0,0.1.0,0.1.0,0.1
2026.02.20 15:05,US100,PERIOD_M5,Bid,24776.60000000,24777.35000000,24764.60000000,24774.85000000,60.00,20.16071429,28.589060,0.00081376,3,0,1,1,-0.00007063,0.00057535,-0.00010090,0.63241810,-0.08680248,0.60784316,-0.28163800,-1.99426603,-0.02964611,-0.15906499,0.28589061,0.02976085,-0.84837824,-0.52939057,0.00000000,0.00000000,0.00000000,1.00000000,0.00000000,0.00000000,0.00000000,1.00000000,0.800000,0.100000,0.100000,LONG,6.000000,12.000000,72.000000,6.000000,12.000000,72.000000,LONG,1,6.000000,12.000000,6.000000,12.000000,72,1,,0.371667,6,0.011333,0.28163800,2.07143644,adaptive_quantile,1,20,0.1.4,1.0,0.1.2,0.1.0q,0.1.0,0.1.0,0.1.0,0.1
2026.02.20 15:10,US100,PERIOD_M5,Bid,24774.85000000,24776.10000000,24764.85000000,24771.60000000,60.00,18.85714286,25.349623,0.00076124,3,0,1,1,-0.00013119,-0.00022200,-0.00064569,0.59659094,-0.17234848,0.20000000,-0.42836475,-2.21410418,-0.04509103,-0.18604581,0.25349623,0.03181818,-0.85002404,-0.52674389,0.00000000,0.00000000,0.00000000,1.00000000,0.00000000,0.00000000,0.00000000,1.00000000,0.800000,0.100000,0.100000,LONG,6.000000,12.000000,72.000000,6.000000,12.000000,72.000000,LONG,1,6.000000,12.000000,6.000000,12.000000,72,1,,0.371667,6,0.011333,0.42836476,1.95428761,adaptive_quantile,1,21,0.1.4,1.0,0.1.2,0.1.0q,0.1.0,0.1.0,0.1.0,0.1
2026.02.20 15:15,US100,PERIOD_M5,Bid,24771.35000000,24802.35000000,24771.35000000,24800.35000000,60.00,20.12500000,25.777404,0.00081148,3,0,0,0,0.00115993,0.00095811,0.00170506,1.54037273,1.44099379,0.87096775,0.92936534,-0.62071091,0.09782793,0.09160875,0.25777403,0.02981366,-0.85166162,-0.52409208,0.00000000,0.00000000,0.00000000,1.00000000,0.00000000,0.00000000,0.00000000,0.00000000,0.800000,0.100000,0.100000,LONG,6.000000,12.000000,72.000000,6.000000,12.000000,72.000000,LONG,0,6.000000,12.000000,6.000000,12.000000,72,1,,0.371667,6,0.011333,0.92936534,1.95428761,adaptive_quantile,1,22,0.1.4,1.0,0.1.2,0.1.0q,0.1.0,0.1.0,0.1.0,0.1
2026.02.20 15:20,US100,PERIOD_M5,Bid,24800.10000000,24801.35000000,24777.85000000,24778.35000000,60.00,20.67857143,26.148147,0.00083454,3,0,1,1,-0.00088748,0.00014126,0.00057526,1.13644218,-1.05181348,-0.95744681,-0.14423472,-1.60258591,-0.01518260,-0.08492561,0.26148146,0.02901554,-0.85329086,-0.52143520,0.00000000,0.00000000,0.00000000,1.00000000,0.00000000,0.00000000,0.00000000,1.00000000,0.800000,0.100000,0.100000,LONG,6.000000,12.000000,72.000000,6.000000,12.000000,72.000000,LONG,1,6.000000,12.000000,6.000000,12.000000,72,1,,0.371667,6,0.011333,0.14423472,1.95428761,adaptive_quantile,1,23,0.1.4,1.0,0.1.2,0.1.0q,0.1.0,0.1.0,0.1.0,0.1
2026.02.20 15:25,US100,PERIOD_M5,Bid,24778.35000000,24811.60000000,24773.35000000,24802.95000000,290.00,20.64285714,27.585520,0.00083227,3,0,0,0,0.00099231,0.00126476,0.00191087,1.85294116,1.19169545,0.54771245,0.94747686,-0.39744097,0.09973440,0.09191631,0.27585521,0.14048442,-0.85491186,-0.51877326,0.00000000,0.00000000,0.00000000,1.00000000,0.00000000,0.00000000,0.00000000,0.00000000,0.800000,0.100000,0.100000,LONG,6.000000,12.000000,72.000000,6.000000,12.000000,72.000000,LONG,0,6.000000,12.000000,6.000000,12.000000,72,1,,0.371667,6,0.011333,0.94747684,1.95428761,adaptive_quantile,1,24,0.1.4,1.0,0.1.2,0.1.0q,0.1.0,0.1.0,0.1.0,0.1
2026.02.20 15:30,US100,PERIOD_M5,Bid,24803.20000000,24806.20000000,24706.60000000,24724.10000000,60.00,26.32857143,24.218198,0.00106490,3,0,0,0,-0.00318412,-0.00307929,-0.00105105,3.78296256,-3.00434065,-0.64859438,-2.03750420,-3.17679310,-0.21447413,-0.30123961,0.24218197,0.02278893,-0.85652453,-0.51610625,0.00000000,0.00000000,0.00000000,1.00000000,0.00000000,0.00000000,0.00000000,0.00000000,0.800000,0.100000,0.100000,LONG,6.000000,12.000000,72.000000,6.000000,12.000000,72.000000,LONG,0,0.000000,0.000000,0.000000,0.000000,72,1,,0.371667,6,0.011333,2.03750416,1.95428761,adaptive_quantile,0,0,0.1.4,1.0,0.1.2,0.1.0q,0.1.0,0.1.0,0.1.0,0.1
2026.02.20 15:35,US100,PERIOD_M5,Bid,24723.85000000,24741.85000000,24706.85000000,24714.10000000,60.00,27.66785714,21.299852,0.00111952,3,0,0,0,-0.00040455,-0.00259636,-0.00157680,1.26500583,-0.35239446,-0.58571428,-2.08123040,-3.25172448,-0.21907689,-0.33399165,0.21299851,0.02168581,-0.85812891,-0.51343429,0.00000000,0.00000000,0.00000000,1.00000000,0.00000000,0.00000000,0.00000000,0.00000000,0.800000,0.100000,0.100000,LONG,6.000000,12.000000,72.000000,6.000000,12.000000,72.000000,LONG,0,0.000000,0.000000,0.000000,0.000000,72,1,,0.371667,6,0.011333,2.08123042,2.03750416,adaptive_quantile,0,0,0.1.4,1.0,0.1.2,0.1.0q,0.1.0,0.1.0,0.1.0,0.1
2026.02.20 15:40,US100,PERIOD_M5,Bid,24714.10000000,24715.85000000,24672.10000000,24692.60000000,60.00,29.18571429,22.038309,0.00118196,3,0,0,0,-0.00087033,-0.00445899,-0.00238653,1.49902105,-0.73666179,-0.06285714,-2.45159173,-3.66949892,-0.25806227,-0.39919454,0.22038309,0.02055800,-0.85972494,-0.51075727,0.00000000,0.00000000,0.00000000,1.00000000,0.00000000,0.00000000,0.00000000,0.00000000,0.800000,0.100000,0.100000,LONG,6.000000,12.000000,72.000000,6.000000,12.000000,72.000000,LONG,0,0.000000,0.000000,0.000000,0.000000,72,1,,0.371667,6,0.011333,2.45159166,2.07143644,adaptive_quantile,0,0,0.1.4,1.0,0.1.2,0.1.0q,0.1.0,0.1.0,0.1.0,0.1
2026.02.20 15:45,US100,PERIOD_M5,Bid,24692.35000000,24705.35000000,24669.85000000,24679.35000000,60.00,30.16785714,22.927772,0.00122239,3,0,0,0,-0.00053674,-0.00181161,-0.00299397,1.17674911,-0.43092221,-0.46478873,-2.54327393,-3.83280301,-0.26771304,-0.43585041,0.22927772,0.01988872,-0.86131263,-0.50807536,0.00000000,0.00000000,0.00000000,1.00000000,0.00000000,0.00000000,0.00000000,0.00000000,0.800000,0.100000,0.100000,LONG,6.000000,12.000000,72.000000,6.000000,12.000000,72.000000,LONG,0,0.000000,0.000000,0.000000,0.000000,72,1,,0.371667,6,0.011333,2.54327394,2.08123042,adaptive_quantile,0,0,0.1.4,1.0,0.1.2,0.1.0q,0.1.0,0.1.0,0.1.0,0.1
2026.02.20 15:50,US100,PERIOD_M5,Bid,24679.10000000,24706.10000000,24679.10000000,24695.10000000,60.00,30.93571429,23.479537,0.00125271,3,0,1,1,0.00063798,-0.00076909,-0.00264884,0.87277764,0.51720154,0.18518518,-1.78331006,-3.10193896,-0.18771684,-0.33183238,0.23479538,0.01939506,-0.86289191,-0.50538844,0.00000000,0.00000000,0.00000000,1.00000000,0.00000000,0.00000000,0.00000000,1.00000000,0.800000,0.100000,0.100000,LONG,6.000000,12.000000,72.000000,6.000000,12.000000,72.000000,LONG,1,6.000000,12.000000,6.000000,12.000000,72,1,,0.371667,6,0.011333,1.78331005,2.12867532,adaptive_quantile,0,0,0.1.4,1.0,0.1.2,0.1.0q,0.1.0,0.1.0,0.1.0,0.1
2026.02.20 15:55,US100,PERIOD_M5,Bid,24694.85000000,24719.60000000,24691.10000000,24716.85000000,60.00,31.66785714,20.556187,0.00128123,3,0,1,1,0.00088035,0.00098159,-0.00243464,0.89996618,0.69471073,0.80701756,-0.95476323,-2.25150919,-0.10050140,-0.20230071,0.20556186,0.01894666,-0.86446285,-0.50269669,0.00000000,0.00000000,0.00000000,1.00000000,0.00000000,0.00000000,0.00000000,1.00000000,0.800000,0.100000,0.100000,LONG,6.000000,12.000000,72.000000,6.000000,12.000000,72.000000,LONG,1,6.000000,12.000000,6.000000,12.000000,72,1,,0.371667,6,0.011333,0.95476325,2.12867532,adaptive_quantile,0,0,0.1.4,1.0,0.1.2,0.1.0q,0.1.0,0.1.0,0.1.0,0.1
2026.02.20 16:00,US100,PERIOD_M5,Bid,24716.85000000,24730.85000000,24707.85000000,24716.60000000,60.00,31.72142857,20.221966,0.00128341,3,0,1,1,-0.00001011,0.00150822,-0.00242458,0.72506189,-0.00788111,-0.23913044,-0.86950511,-2.16713357,-0.09152685,-0.20325992,0.20221967,0.01891466,-0.86602539,-0.50000000,0.00000000,0.00000000,0.00000000,1.00000000,0.00000000,0.00000000,0.00000000,1.00000000,0.800000,0.100000,0.100000,LONG,6.000000,12.000000,72.000000,6.000000,12.000000,72.000000,LONG,1,6.000000,12.000000,6.000000,12.000000,72,1,,0.371667,6,0.011333,0.86950510,2.12867532,adaptive_quantile,1,0,0.1.4,1.0,0.1.2,0.1.0q,0.1.0,0.1.0,0.1.0,0.1
2026.02.20 16:05,US100,PERIOD_M5,Bid,24716.60000000,24722.35000000,24702.85000000,24702.85000000,60.00,31.61428571,18.286628,0.00127978,1,1,0,1,-0.00055646,0.00031378,-0.00291040,0.61680979,-0.43492997,-1.00000000,-1.18286932,-2.50707817,-0.12451256,-0.25623280,0.18286628,0.01897876,-0.86757952,-0.49729848,0.00000000,1.00000000,0.00000000,0.00000000,0.00000000,0.00000000,1.00000000,0.00000000,0.800000,0.100000,0.100000,LONG,6.000000,12.000000,72.000000,6.000000,12.000000,72.000000,LONG,0,6.000000,12.000000,6.000000,12.000000,72,1,,0.371667,6,0.011333,1.18286931,2.12867532,adaptive_quantile,1,1,0.1.4,1.0,0.1.2,0.1.0q,0.1.0,0.1.0,0.1.0,0.1
2026.02.20 16:10,US100,PERIOD_M5,Bid,24703.10000000,24705.60000000,24675.35000000,24684.60000000,60.00,32.77500000,19.309899,0.00132775,1,1,0,1,-0.00073905,-0.00130563,-0.00351827,0.92295957,-0.56445462,-0.38842976,-1.53610957,-2.85844660,-0.16169575,-0.32078204,0.19309899,0.01830664,-0.86912525,-0.49459210,0.00000000,1.00000000,0.00000000,0.00000000,0.00000000,0.00000000,1.00000000,0.00000000,0.800000,0.100000,0.100000,LONG,6.000000,12.000000,72.000000,6.000000,12.000000,72.000000,LONG,0,6.000000,12.000000,6.000000,12.000000,72,1,,0.371667,6,0.011333,1.53610954,2.12867532,adaptive_quantile,1,2,0.1.4,1.0,0.1.2,0.1.0q,0.1.0,0.1.0,0.1.0,0.1
2026.02.20 16:15,US100,PERIOD_M5,Bid,24684.10000000,24685.60000000,24655.10000000,24659.85000000,60.00,34.04285714,22.186583,0.00138050,3,0,1,1,-0.00100315,-0.00229867,-0.00568135,0.89592952,-0.71233737,-0.68852460,-1.99583697,-3.34258246,-0.21008810,-0.39718887,0.22186583,0.01762484,-0.87066245,-0.49188095,0.00000000,0.00000000,0.00000000,1.00000000,0.00000000,0.00000000,0.00000000,1.00000000,0.800000,0.100000,0.100000,LONG,6.000000,12.000000,72.000000,6.000000,12.000000,72.000000,LONG,1,6.000000,12.000000,6.000000,12.000000,72,1,,0.371667,6,0.011333,1.99583692,2.12867532,adaptive_quantile,1,3,0.1.4,1.0,0.1.2,0.1.0q,0.1.0,0.1.0,0.1.0,0.1
2026.02.20 16:20,US100,PERIOD_M5,Bid,24660.35000000,24668.60000000,24643.85000000,24661.35000000,60.00,35.00714286,25.762362,0.00141951,3,0,1,1,0.00006083,-0.00168138,-0.00473305,0.70699859,0.02856560,0.41414142,-1.71724927,-3.08187056,-0.18076308,-0.38700524,0.25762361,0.01713936,-0.87219125,-0.48916501,0.00000000,0.00000000,0.00000000,1.00000000,0.00000000,0.00000000,0.00000000,1.00000000,0.800000,0.100000,0.100000,LONG,6.000000,12.000000,72.000000,6.000000,12.000000,72.000000,LONG,1,6.000000,12.000000,6.000000,12.000000,72,1,,0.371667,6,0.011333,1.71724931,2.12867532,adaptive_quantile,1,4,0.1.4,1.0,0.1.2,0.1.0q,0.1.0,0.1.0,0.1.0,0.1
2026.02.20 16:25,US100,PERIOD_M5,Bid,24662.10000000,24681.35000000,24648.85000000,24660.85000000,60.00,35.11428571,26.470755,0.00142389,3,0,1,1,-0.00002027,-0.00096260,-0.00574563,0.92554921,-0.03559805,-0.26153848,-1.56184411,-2.96565890,-0.16440465,-0.38860494,0.26470754,0.01708706,-0.87371159,-0.48644429,0.00000000,0.00000000,0.00000000,1.00000000,0.00000000,0.00000000,0.00000000,1.00000000,0.800000,0.100000,0.100000,LONG,6.000000,12.000000,72.000000,6.000000,12.000000,72.000000,LONG,1,6.000000,12.000000,6.000000,12.000000,72,1,,0.371667,6,0.011333,1.56184411,2.12867532,adaptive_quantile,1,5,0.1.4,1.0,0.1.2,0.1.0q,0.1.0,0.1.0,0.1.0,0.1
2026.02.20 16:30,US100,PERIOD_M5,Bid,24662.35000000,24765.85000000,24626.35000000,24751.35000000,60.00,43.40000000,23.999512,0.00175344,3,0,0,0,0.00366307,0.00370362,0.00110156,3.21428561,2.05069113,0.79211468,0.74334234,-0.30189425,0.07824656,0.07958522,0.23999512,0.01382488,-0.87522340,-0.48371890,0.00000000,0.00000000,0.00000000,1.00000000,0.00000000,0.00000000,0.00000000,0.00000000,0.800000,0.100000,0.100000,LONG,6.000000,12.000000,72.000000,6.000000,12.000000,72.000000,LONG,0,6.000000,12.000000,6.000000,12.000000,72,1,,0.371667,6,0.011333,0.74334237,2.12867532,adaptive_quantile,1,6,0.1.4,1.0,0.1.2,0.1.0q,0.1.0,0.1.0,0.1.0,0.1
2026.02.20 16:35,US100,PERIOD_M5,Bid,24751.85000000,24838.60000000,24741.10000000,24795.35000000,60.00,47.63214286,22.628051,0.00192101,3,0,0,0,0.00177610,0.00541889,0.00328220,2.04693699,0.91324884,0.11282051,1.44856179,0.62323695,0.15248019,0.21769069,0.22628051,0.01259654,-0.87672675,-0.48098877,0.00000000,0.00000000,0.00000000,1.00000000,0.00000000,0.00000000,0.00000000,0.00000000,0.800000,0.100000,0.100000,LONG,6.000000,12.000000,72.000000,6.000000,12.000000,72.000000,LONG,0,6.000000,12.000000,6.000000,12.000000,72,1,,0.371667,6,0.011333,1.44856176,2.08123042,adaptive_quantile,1,7,0.1.4,1.0,0.1.2,0.1.0q,0.1.0,0.1.0,0.1.0,0.1
2026.02.20 16:40,US100,PERIOD_M5,Bid,24796.85000000,24895.35000000,24791.85000000,24869.70000000,715.00,47.91071429,23.111708,0.00192647,3,0,0,0,0.00299406,0.00843323,0.00714659,2.16026831,1.52053666,0.50434780,2.70703340,2.08630300,0.28495088,0.38548362,0.23111708,0.14923593,-0.87822157,-0.47825399,0.00000000,0.00000000,0.00000000,1.00000000,0.00000000,0.00000000,0.00000000,0.00000000,0.800000,0.100000,0.100000,LONG,6.000000,12.000000,72.000000,6.000000,12.000000,72.000000,LONG,0,6.000000,12.000000,6.000000,12.000000,72,1,,0.371667,6,0.011333,2.70703333,2.07143644,adaptive_quantile,1,8,0.1.4,1.0,0.1.2,0.1.0q,0.1.0,0.1.0,0.1.0,0.1
2026.02.20 16:45,US100,PERIOD_M5,Bid,24870.70000000,24904.75000000,24838.95000000,24844.10000000,60.00,50.11071429,23.942540,0.00201701,3,0,0,0,-0.00102990,0.00374027,0.00665344,1.31309247,-0.53082460,-0.84346503,1.87947845,1.42564988,0.19783983,0.28341201,0.23942539,0.01197349,-0.87970787,-0.47551453,0.00000000,0.00000000,0.00000000,1.00000000,0.00000000,0.00000000,0.00000000,0.00000000,0.800000,0.100000,0.100000,LONG,6.000000,12.000000,72.000000,6.000000,12.000000,72.000000,LONG,0,6.000000,12.000000,6.000000,12.000000,72,1,,0.371667,6,0.011333,1.87947840,2.08123042,adaptive_quantile,1,9,0.1.4,1.0,0.1.2,0.1.0q,0.1.0,0.1.0,0.1.0,0.1
2026.02.20 16:50,US100,PERIOD_M5,Bid,24844.85000000,24849.60000000,24799.35000000,24822.35000000,60.00,50.57500000,21.033839,0.00203748,3,0,0,0,-0.00087584,0.00108832,0.00513961,0.99357390,-0.44488382,-0.08457711,1.29577303,0.94397807,0.13639715,0.20236380,0.21033840,0.01186357,-0.88118559,-0.47277048,0.00000000,0.00000000,0.00000000,1.00000000,0.00000000,0.00000000,0.00000000,0.00000000,0.800000,0.100000,0.100000,LONG,6.000000,12.000000,72.000000,6.000000,12.000000,72.000000,LONG,0,6.000000,12.000000,6.000000,12.000000,72,1,,0.371667,6,0.011333,1.29577299,2.08123042,adaptive_quantile,1,10,0.1.4,1.0,0.1.2,0.1.0q,0.1.0,0.1.0,0.1.0,0.1
2026.02.20 16:55,US100,PERIOD_M5,Bid,24823.10000000,24852.85000000,24801.60000000,24840.95000000,1115.00,51.70000000,18.763030,0.00208124,1,0,1,1,0.00074904,-0.00115669,0.00500830,0.99129593,0.34526113,0.53560978,1.47235942,1.23288310,0.15498520,0.24620372,0.18763031,0.21566731,-0.88265479,-0.47002184,0.00000000,1.00000000,0.00000000,0.00000000,0.00000000,0.00000000,0.00000000,1.00000000,0.800000,0.100000,0.100000,LONG,6.000000,12.000000,72.000000,6.000000,12.000000,72.000000,LONG,1,6.000000,12.000000,6.000000,12.000000,72,1,,0.371667,6,0.011333,1.47235946,2.08123042,adaptive_quantile,1,11,0.1.4,1.0,0.1.2,0.1.0q,0.1.0,0.1.0,0.1.0,0.1
2026.02.20 17:00,US100,PERIOD_M5,Bid,24847.60000000,25027.35000000,24832.45000000,24920.45000000,290.00,63.69285714,19.840086,0.00255585,1,0,0,0,0.00319525,0.00306845,0.00821367,3.05999780,1.14377034,-0.09697281,2.21060801,2.16072583,0.23269558,0.39840209,0.19840087,0.04553101,-0.88411540,-0.46726862,0.00000000,1.00000000,0.00000000,0.00000000,0.00000000,0.00000000,0.00000000,0.00000000,0.800000,0.100000,0.100000,LONG,6.000000,12.000000,72.000000,6.000000,12.000000,72.000000,LONG,0,6.000000,12.000000,6.000000,12.000000,72,1,,0.371667,6,0.011333,2.21060797,2.08123042,adaptive_quantile,1,12,0.1.4,1.0,0.1.2,0.1.0q,0.1.0,0.1.0,0.1.0,0.1
2026.02.20 17:05,US100,PERIOD_M5,Bid,24920.45000000,24929.50000000,24806.35000000,24927.10000000,60.00,70.45357143,19.741652,0.00282638,1,0,1,1,0.00026681,0.00421111,0.00903694,1.74795961,0.09438840,0.96102315,1.89354610,1.96746647,0.19932064,0.40914875,0.19741651,0.00851625,-0.88556743,-0.46451089,0.00000000,1.00000000,0.00000000,0.00000000,0.00000000,0.00000000,0.00000000,1.00000000,0.800000,0.100000,0.100000,LONG,6.000000,12.000000,72.000000,6.000000,12.000000,72.000000,LONG,1,6.000000,12.000000,6.000000,12.000000,72,1,,0.371667,6,0.011333,1.89354612,2.12867532,adaptive_quantile,1,13,0.1.4,1.0,0.1.2,0.1.0q,0.1.0,0.1.0,0.1.0,0.1
2026.02.20 17:10,US100,PERIOD_M5,Bid,24928.10000000,24974.10000000,24872.35000000,24874.35000000,60.00,76.07857143,21.027278,0.00305851,3,1,0,1,-0.00211841,0.00134365,0.00765758,1.33743310,-0.70650643,-0.96068794,0.95921177,1.08437610,0.10096966,0.22258337,0.21027279,0.00788658,-0.88701081,-0.46174860,0.00000000,0.00000000,0.00000000,1.00000000,0.00000000,0.00000000,1.00000000,0.00000000,0.800000,0.100000,0.100000,LONG,6.000000,12.000000,72.000000,6.000000,12.000000,72.000000,LONG,0,6.000000,12.000000,6.000000,12.000000,72,1,,0.371667,6,0.011333,0.95921175,2.12867532,adaptive_quantile,1,14,0.1.4,1.0,0.1.2,0.1.0q,0.1.0,0.1.0,0.1.0,0.1
2026.02.20 17:15,US100,PERIOD_M5,Bid,24874.85000000,24946.10000000,24808.10000000,24913.10000000,60.00,84.54285714,19.816456,0.00339351,1,0,1,1,0.00155662,-0.00029498,0.01021735,1.63230824,0.45243326,0.52173913,1.19566500,1.37791622,0.12585948,0.29628929,0.19816455,0.00709699,-0.88844562,-0.45898187,0.00000000,1.00000000,0.00000000,0.00000000,0.00000000,0.00000000,0.00000000,1.00000000,0.800000,0.100000,0.100000,LONG,6.000000,12.000000,72.000000,6.000000,12.000000,72.000000,LONG,1,6.000000,12.000000,6.000000,12.000000,72,1,,0.371667,6,0.011333,1.19566505,2.12867532,adaptive_quantile,1,15,0.1.4,1.0,0.1.2,0.1.0q,0.1.0,0.1.0,0.1.0,0.1
2026.02.20 17:20,US100,PERIOD_M5,Bid,24913.10000000,24979.35000000,24907.85000000,24953.10000000,60.00,87.48928571,20.345529,0.00350615,3,1,0,1,0.00160429,0.00104250,0.01176082,0.81724292,0.45719883,0.26573426,1.45901608,1.71856463,0.15358065,0.36338550,0.20345528,0.00685798,-0.88987184,-0.45621064,0.00000000,0.00000000,0.00000000,1.00000000,0.00000000,0.00000000,1.00000000,0.00000000,0.800000,0.100000,0.100000,LONG,6.000000,12.000000,72.000000,6.000000,12.000000,72.000000,LONG,0,6.000000,12.000000,6.000000,12.000000,72,1,,0.371667,6,0.011333,1.45901612,2.12867532,adaptive_quantile,1,16,0.1.4,1.0,0.1.2,0.1.0q,0.1.0,0.1.0,0.1.0,0.1
2026.02.20 17:25,US100,PERIOD_M5,Bid,24953.10000000,24984.25000000,24903.10000000,24919.60000000,60.00,91.10714286,21.004707,0.00365604,3,1,0,1,-0.00134342,0.00181749,0.01043768,0.89070952,-0.36769894,-0.59334564,0.93496263,1.23232269,0.09841712,0.25542518,0.21004707,0.00658565,-0.89128935,-0.45343503,0.00000000,0.00000000,0.00000000,1.00000000,0.00000000,0.00000000,1.00000000,0.00000000,0.800000,0.100000,0.100000,LONG,6.000000,12.000000,72.000000,6.000000,12.000000,72.000000,LONG,0,6.000000,12.000000,6.000000,12.000000,72,1,,0.371667,6,0.011333,0.93496265,2.12867532,adaptive_quantile,1,17,0.1.4,1.0,0.1.2,0.1.0q,0.1.0,0.1.0,0.1.0,0.1
2026.02.20 17:30,US100,PERIOD_M5,Bid,24920.85000000,24939.85000000,24855.60000000,24886.85000000,60.00,95.35714286,18.645721,0.00383163,1,0,0,0,-0.00131509,-0.00105422,0.00545952,0.88352060,-0.35655430,-0.25816023,0.49748003,0.80124927,0.05236632,0.15881748,0.18645722,0.00629213,-0.89269823,-0.45065498,0.00000000,1.00000000,0.00000000,0.00000000,0.00000000,0.00000000,0.00000000,0.00000000,0.800000,0.100000,0.100000,LONG,6.000000,12.000000,72.000000,6.000000,12.000000,72.000000,LONG,0,6.000000,12.000000,6.000000,12.000000,72,1,,0.371667,6,0.011333,0.49748002,2.12867532,adaptive_quantile,1,18,0.1.4,1.0,0.1.2,0.1.0q,0.1.0,0.1.0,0.1.0,0.1
2026.02.20 17:35,US100,PERIOD_M5,Bid,24887.35000000,24962.85000000,24871.10000000,24954.10000000,60.00,99.58928571,17.665626,0.00399090,1,0,1,1,0.00269859,0.00004007,0.00638200,0.92128384,0.67025280,0.80926430,1.04193521,1.38590527,0.10967739,0.28114587,0.17665626,0.00602474,-0.89409840,-0.44787055,0.00000000,1.00000000,0.00000000,0.00000000,0.00000000,0.00000000,0.00000000,1.00000000,0.800000,0.100000,0.100000,LONG,6.000000,12.000000,72.000000,6.000000,12.000000,72.000000,LONG,1,6.000000,12.000000,6.000000,12.000000,72,1,,0.371667,6,0.011333,1.04193518,2.12867532,adaptive_quantile,1,19,0.1.4,1.0,0.1.2,0.1.0q,0.1.0,0.1.0,0.1.0,0.1
2026.02.20 17:40,US100,PERIOD_M5,Bid,24954.60000000,25014.10000000,24900.10000000,25007.35000000,60.00,97.76785714,18.541976,0.00390956,1,0,1,1,0.00213164,0.00351514,0.00551959,1.16602743,0.53954339,0.88157892,1.45305133,1.87966156,0.15295278,0.36045453,0.18541975,0.00613699,-0.89548993,-0.44508177,0.00000000,1.00000000,0.00000000,0.00000000,0.00000000,0.00000000,0.00000000,1.00000000,0.800000,0.100000,0.100000,LONG,6.000000,12.000000,72.000000,6.000000,12.000000,72.000000,LONG,1,6.000000,12.000000,6.000000,12.000000,72,1,,0.371667,6,0.011333,1.45305134,2.12867532,adaptive_quantile,1,20,0.1.4,1.0,0.1.2,0.1.0q,0.1.0,0.1.0,0.1.0,0.1
2026.02.20 17:45,US100,PERIOD_M5,Bid,25006.60000000,25044.35000000,24973.10000000,25022.60000000,60.00,95.89285714,20.687278,0.00383225,3,1,0,1,0.00060963,0.00543986,0.00715912,0.74301678,0.16685289,0.38947368,1.48425698,1.99405634,0.15623759,0.38149980,0.20687278,0.00625698,-0.89687276,-0.44228870,0.00000000,0.00000000,0.00000000,1.00000000,0.00000000,0.00000000,1.00000000,0.00000000,0.800000,0.100000,0.100000,LONG,6.000000,12.000000,72.000000,6.000000,12.000000,72.000000,LONG,0,6.000000,12.000000,6.000000,12.000000,72,1,,0.371667,6,0.011333,1.48425703,2.12867532,adaptive_quantile,1,21,0.1.4,1.0,0.1.2,0.1.0q,0.1.0,0.1.0,0.1.0,0.1
2026.02.20 17:50,US100,PERIOD_M5,Bid,25023.60000000,25069.85000000,25002.85000000,25061.60000000,60.00,93.28571429,23.629623,0.00372226,3,1,0,1,0.00155738,0.00429866,0.00959234,0.71822357,0.40735069,0.75373137,1.75868464,2.37107778,0.18512471,0.43289536,0.23629624,0.00643185,-0.89824682,-0.43949130,0.00000000,0.00000000,0.00000000,1.00000000,0.00000000,0.00000000,1.00000000,0.00000000,0.800000,0.100000,0.100000,LONG,6.000000,12.000000,72.000000,6.000000,12.000000,72.000000,LONG,0,6.000000,12.000000,6.000000,12.000000,72,1,,0.371667,6,0.011333,1.75868469,2.12867532,adaptive_quantile,1,22,0.1.4,1.0,0.1.2,0.1.0q,0.1.0,0.1.0,0.1.0,0.1
2026.02.20 17:55,US100,PERIOD_M5,Bid,25060.85000000,25073.10000000,25044.10000000,25065.60000000,60.00,90.65714286,26.488857,0.00361680,3,1,0,1,0.00015959,0.00232661,0.00900289,0.31988654,0.05239521,0.48275861,1.67724705,2.38653898,0.17655233,0.43805313,0.26488855,0.00661834,-0.89961225,-0.43668965,0.00000000,0.00000000,0.00000000,1.00000000,0.00000000,0.00000000,1.00000000,0.00000000,0.800000,0.100000,0.100000,LONG,6.000000,12.000000,72.000000,6.000000,12.000000,72.000000,LONG,0,6.000000,12.000000,6.000000,12.000000,72,1,,0.371667,6,0.011333,1.67724708,2.12867532,adaptive_quantile,1,23,0.1.4,1.0,0.1.2,0.1.0q,0.1.0,0.1.0,0.1.0,0.1
2026.02.20 18:00,US100,PERIOD_M5,Bid,25064.10000000,25086.35000000,25048.60000000,25070.60000000,60.00,89.76428571,29.902069,0.00358046,3,1,0,1,0.00019946,0.00191643,0.00600709,0.42054588,0.07241187,0.16556291,1.58299994,2.36927342,0.16663158,0.44484991,0.29902071,0.00668417,-0.90096885,-0.43388373,0.00000000,0.00000000,0.00000000,1.00000000,0.00000000,0.00000000,1.00000000,0.00000000,0.800000,0.100000,0.100000,LONG,6.000000,12.000000,72.000000,6.000000,12.000000,72.000000,LONG,0,6.000000,12.000000,6.000000,12.000000,72,1,,0.371667,6,0.011333,1.58299999,2.12867532,adaptive_quantile,1,24,0.1.4,1.0,0.1.2,0.1.0q,0.1.0,0.1.0,0.1.0,0.1
2026.02.20 18:05,US100,PERIOD_M5,Bid,25070.85000000,25072.10000000,25046.10000000,25052.35000000,60.00,87.96071429,32.073404,0.00351108,5,1,0,1,-0.00072821,-0.00036916,0.00501207,0.29558650,-0.21032117,-0.51923078,1.27388597,2.12369347,0.13409327,0.37927520,0.32073405,0.00682123,-0.90231675,-0.43107364,0.00000000,0.00000000,0.00000000,0.00000000,0.00000000,1.00000000,1.00000000,0.00000000,0.800000,0.100000,0.100000,LONG,6.000000,12.000000,72.000000,6.000000,12.000000,72.000000,LONG,0,6.000000,12.000000,6.000000,12.000000,72,1,,0.371667,6,0.011333,1.27388602,2.12867532,adaptive_quantile,1,25,0.1.4,1.0,0.1.2,0.1.0q,0.1.0,0.1.0,0.1.0,0.1
2026.02.20 18:10,US100,PERIOD_M5,Bid,25052.35000000,25066.35000000,25017.60000000,25023.60000000,60.00,77.52142857,29.784917,0.00309793,3,1,0,1,-0.00114826,-0.00167701,0.00598223,0.62885839,-0.37086520,-0.75384617,0.97222674,1.95885813,0.10233966,0.28066775,0.29784918,0.00773980,-0.90365589,-0.42825931,0.00000000,0.00000000,0.00000000,1.00000000,0.00000000,0.00000000,1.00000000,0.00000000,0.800000,0.100000,0.100000,LONG,6.000000,12.000000,72.000000,6.000000,12.000000,72.000000,LONG,0,6.000000,12.000000,6.000000,12.000000,72,1,,0.371667,6,0.011333,0.97222676,2.12867532,adaptive_quantile,1,26,0.1.4,1.0,0.1.2,0.1.0q,0.1.0,0.1.0,0.1.0,0.1
2026.02.20 18:15,US100,PERIOD_M5,Bid,25024.60000000,25032.85000000,24966.85000000,24987.60000000,60.00,73.43928571,27.581117,0.00293903,3,1,0,1,-0.00143968,-0.00331614,0.00298593,0.89870155,-0.50381756,-0.37121212,0.48501337,1.51567662,0.05105404,0.16805881,0.27581117,0.00817001,-0.90498620,-0.42544085,0.00000000,0.00000000,0.00000000,1.00000000,0.00000000,0.00000000,1.00000000,0.00000000,0.800000,0.100000,0.100000,LONG,6.000000,12.000000,72.000000,6.000000,12.000000,72.000000,LONG,0,6.000000,12.000000,6.000000,12.000000,72,1,,0.371667,6,0.011333,0.48501337,2.12867532,adaptive_quantile,1,27,0.1.4,1.0,0.1.2,0.1.0q,0.1.0,0.1.0,0.1.0,0.1
2026.02.20 18:20,US100,PERIOD_M5,Bid,24990.85000000,24990.85000000,24943.60000000,24957.85000000,60.00,69.54642857,27.443627,0.00278656,3,1,0,1,-0.00119130,-0.00377923,0.00019034,0.67940223,-0.47450316,-0.39682540,0.07635302,1.12675476,0.00803716,0.08328744,0.27443627,0.00862733,-0.90630782,-0.42261827,0.00000000,0.00000000,0.00000000,1.00000000,0.00000000,0.00000000,1.00000000,0.00000000,0.800000,0.100000,0.100000,LONG,6.000000,12.000000,72.000000,6.000000,12.000000,72.000000,LONG,0,6.000000,12.000000,6.000000,12.000000,72,1,,0.371667,6,0.011333,0.07635302,2.08123042,adaptive_quantile,1,28,0.1.4,1.0,0.1.2,0.1.0q,0.1.0,0.1.0,0.1.0,0.1
2026.02.20 18:25,US100,PERIOD_M5,Bid,24957.85000000,24964.50000000,24923.10000000,24924.85000000,60.00,62.64642857,28.803882,0.00251341,3,0,0,0,-0.00132310,-0.00395408,0.00021066,0.66085172,-0.52676588,-0.91545892,-0.39990765,0.69569612,-0.04209554,-0.00313610,0.28803882,0.00957756,-0.90762055,-0.41979155,0.00000000,0.00000000,0.00000000,1.00000000,0.00000000,0.00000000,0.00000000,0.00000000,0.800000,0.100000,0.100000,LONG,6.000000,12.000000,72.000000,6.000000,12.000000,72.000000,LONG,0,6.000000,12.000000,6.000000,12.000000,72,1,,0.371667,6,0.011333,0.39990763,2.03750416,adaptive_quantile,1,29,0.1.4,1.0,0.1.2,0.1.0q,0.1.0,0.1.0,0.1.0,0.1
2026.02.20 18:30,US100,PERIOD_M5,Bid,24924.60000000,24992.35000000,24915.10000000,24987.10000000,60.00,63.05714286,27.915995,0.00252359,3,1,0,1,0.00249439,-0.00002001,0.00402014,1.22507930,0.99116451,0.86407769,0.53371626,1.61254632,0.05618066,0.13676676,0.27915996,0.00951518,-0.90892446,-0.41696078,0.00000000,0.00000000,0.00000000,1.00000000,0.00000000,0.00000000,1.00000000,0.00000000,0.800000,0.100000,0.100000,LONG,6.000000,12.000000,72.000000,6.000000,12.000000,72.000000,LONG,0,6.000000,12.000000,6.000000,12.000000,72,1,,0.371667,6,0.011333,0.53371627,1.99583692,adaptive_quantile,1,30,0.1.4,1.0,0.1.2,0.1.0q,0.1.0,0.1.0,0.1.0,0.1
2026.02.20 18:35,US100,PERIOD_M5,Bid,24988.60000000,25021.60000000,24962.35000000,25020.35000000,60.00,61.49285714,24.686440,0.00245771,3,1,0,1,0.00132980,0.00250109,0.00265136,0.96352655,0.51632011,0.95780593,0.98438674,2.10823011,0.10361966,0.20087563,0.24686439,0.00975723,-0.91021961,-0.41412595,0.00000000,0.00000000,0.00000000,1.00000000,0.00000000,0.00000000,1.00000000,0.00000000,0.800000,0.100000,0.100000,LONG,6.000000,12.000000,72.000000,6.000000,12.000000,72.000000,LONG,0,6.000000,12.000000,6.000000,12.000000,72,1,,0.371667,6,0.011333,0.98438676,1.95428761,adaptive_quantile,1,31,0.1.4,1.0,0.1.2,0.1.0q,0.1.0,0.1.0,0.1.0,0.1
2026.02.20 18:40,US100,PERIOD_M5,Bid,25020.35000000,25056.35000000,25006.60000000,25040.35000000,60.00,59.02857143,23.637403,0.00235734,3,1,0,1,0.00079903,0.00462323,0.00131874,0.84281218,0.33881897,0.35678393,1.23436785,2.43564796,0.12993345,0.23755497,0.23637404,0.01016457,-0.91150588,-0.41128710,0.00000000,0.00000000,0.00000000,1.00000000,0.00000000,0.00000000,1.00000000,0.00000000,0.800000,0.100000,0.100000,LONG,6.000000,12.000000,72.000000,6.000000,12.000000,72.000000,LONG,0,6.000000,12.000000,6.000000,12.000000,72,1,,0.371667,6,0.011333,1.23436780,1.95428761,adaptive_quantile,1,32,0.1.4,1.0,0.1.2,0.1.0q,0.1.0,0.1.0,0.1.0,0.1
2026.02.20 18:45,US100,PERIOD_M5,Bid,25038.85000000,25074.35000000,25036.85000000,25071.85000000,60.00,55.15357143,24.232026,0.00219982,3,1,0,1,0.00125718,0.00338601,0.00196629,0.67991972,0.59832937,0.86666667,1.71201313,3.05328131,0.18021190,0.29262578,0.24232027,0.01087872,-0.91278327,-0.40844426,0.00000000,0.00000000,0.00000000,1.00000000,0.00000000,0.00000000,1.00000000,0.00000000,0.800000,0.100000,0.100000,LONG,6.000000,12.000000,72.000000,6.000000,12.000000,72.000000,LONG,0,6.000000,12.000000,6.000000,12.000000,72,1,,0.371667,6,0.011333,1.71201312,1.95428761,adaptive_quantile,1,33,0.1.4,1.0,0.1.2,0.1.0q,0.1.0,0.1.0,0.1.0,0.1
2026.02.20 18:50,US100,PERIOD_M5,Bid,25071.85000000,25076.85000000,25046.10000000,25069.60000000,60.00,49.20714286,24.994853,0.00196282,3,1,0,1,-0.00008975,0.00196646,0.00031916,0.62490928,-0.04572507,0.52845526,1.69477820,3.24411654,0.17839772,0.28548351,0.24994853,0.01219335,-0.91405183,-0.40559745,0.00000000,0.00000000,0.00000000,1.00000000,0.00000000,0.00000000,1.00000000,0.00000000,0.800000,0.100000,0.100000,LONG,6.000000,12.000000,72.000000,6.000000,12.000000,72.000000,LONG,0,6.000000,12.000000,6.000000,12.000000,72,1,,0.371667,6,0.011333,1.69477826,1.95428761,adaptive_quantile,1,34,0.1.4,1.0,0.1.2,0.1.0q,0.1.0,0.1.0,0.1.0,0.1
2026.02.20 18:55,US100,PERIOD_M5,Bid,25069.35000000,25073.35000000,25039.10000000,25045.35000000,60.00,46.56428571,24.448927,0.00185920,3,1,0,1,-0.00096778,0.00019966,-0.00080821,0.73554224,-0.51541650,-0.63503647,1.14921379,2.79344010,0.12096988,0.20801091,0.24448927,0.01288541,-0.91531146,-0.40274668,0.00000000,0.00000000,0.00000000,1.00000000,0.00000000,0.00000000,1.00000000,0.00000000,0.800000,0.100000,0.100000,LONG,6.000000,12.000000,72.000000,6.000000,12.000000,72.000000,LONG,0,6.000000,12.000000,6.000000,12.000000,72,1,,0.371667,6,0.011333,1.14921381,1.95428761,adaptive_quantile,1,35,0.1.4,1.0,0.1.2,0.1.0q,0.1.0,0.1.0,0.1.0,0.1
2026.02.20 19:00,US100,PERIOD_M5,Bid,25045.60000000,25056.10000000,25012.35000000,25014.85000000,60.00,44.90357143,21.527237,0.00179508,3,1,0,1,-0.00121853,-0.00227605,-0.00222620,0.97431004,-0.68480074,-0.88571429,0.46367517,2.13055801,0.04880791,0.11684212,0.21527237,0.01336197,-0.91656226,-0.39989203,0.00000000,0.00000000,0.00000000,1.00000000,0.00000000,0.00000000,1.00000000,0.00000000,0.800000,0.100000,0.100000,LONG,6.000000,12.000000,72.000000,6.000000,12.000000,72.000000,LONG,0,6.000000,12.000000,6.000000,12.000000,72,1,,0.371667,6,0.011333,0.46367516,1.95428761,adaptive_quantile,1,36,0.1.4,1.0,0.1.2,0.1.0q,0.1.0,0.1.0,0.1.0,0.1
2026.02.20 19:05,US100,PERIOD_M5,Bid,25014.85000000,25019.10000000,24976.85000000,24979.85000000,60.00,45.85000000,22.050398,0.00183548,3,0,0,0,-0.00140015,-0.00358646,-0.00289814,0.92148310,-0.76335877,-0.85798818,-0.27980191,1.27132952,-0.02945283,0.02156387,0.22050399,0.01308615,-0.91780412,-0.39703348,0.00000000,0.00000000,0.00000000,1.00000000,0.00000000,0.00000000,0.00000000,0.00000000,0.800000,0.100000,0.100000,LONG,6.000000,12.000000,72.000000,6.000000,12.000000,72.000000,LONG,0,6.000000,12.000000,6.000000,12.000000,72,1,,0.371667,6,0.011333,0.27980190,1.93608664,adaptive_quantile,1,37,0.1.4,1.0,0.1.2,0.1.0q,0.1.0,0.1.0,0.1.0,0.1
2026.02.20 19:10,US100,PERIOD_M5,Bid,24980.60000000,24980.85000000,24928.10000000,24929.60000000,60.00,46.92142857,24.788079,0.00188216,3,0,0,0,-0.00201365,-0.00463233,-0.00376353,1.12421978,-1.08692348,-0.94312799,-1.21631849,0.16464005,-0.12803352,-0.09748109,0.24788079,0.01278733,-0.91903710,-0.39417106,0.00000000,0.00000000,0.00000000,1.00000000,0.00000000,0.00000000,0.00000000,0.00000000,0.800000,0.100000,0.100000,LONG,6.000000,12.000000,72.000000,6.000000,12.000000,72.000000,LONG,0,6.000000,12.000000,6.000000,12.000000,72,1,,0.371667,6,0.011333,1.21631849,1.89354612,adaptive_quantile,1,38,0.1.4,1.0,0.1.2,0.1.0q,0.1.0,0.1.0,0.1.0,0.1
2026.02.20 19:15,US100,PERIOD_M5,Bid,24929.35000000,24929.35000000,24866.60000000,24873.85000000,60.00,49.56428571,28.835820,0.00199263,3,0,0,0,-0.00223880,-0.00565260,-0.00456265,1.26603258,-1.11975789,-0.76892430,-2.05947709,-0.93094301,-0.21678706,-0.20778301,0.28835821,0.01210549,-0.92026114,-0.39130482,0.00000000,0.00000000,0.00000000,1.00000000,0.00000000,0.00000000,0.00000000,0.00000000,0.800000,0.100000,0.100000,LONG,6.000000,12.000000,72.000000,6.000000,12.000000,72.000000,LONG,0,6.000000,12.000000,6.000000,12.000000,72,1,,0.371667,6,0.011333,2.05947699,1.87947840,adaptive_quantile,1,39,0.1.4,1.0,0.1.2,0.1.0q,0.1.0,0.1.0,0.1.0,0.1
2026.02.20 19:20,US100,PERIOD_M5,Bid,24873.10000000,24887.35000000,24831.10000000,24832.85000000,60.00,50.10000000,33.183038,0.00201749,5,0,0,0,-0.00164968,-0.00590213,-0.00502103,1.12275445,-0.80339319,-0.93777776,-2.58383584,-1.67114198,-0.27198270,-0.27769786,0.33183038,0.01197605,-0.92147619,-0.38843480,0.00000000,0.00000000,0.00000000,0.00000000,0.00000000,1.00000000,0.00000000,0.00000000,0.800000,0.100000,0.100000,LONG,6.000000,12.000000,72.000000,6.000000,12.000000,72.000000,LONG,0,6.000000,12.000000,6.000000,12.000000,72,1,,0.371667,6,0.011333,2.58383577,1.87947840,adaptive_quantile,1,40,0.1.4,1.0,0.1.2,0.1.0q,0.1.0,0.1.0,0.1.0,0.1
2026.02.20 19:25,US100,PERIOD_M5,Bid,24832.60000000,24874.10000000,24827.10000000,24873.35000000,60.00,48.74285714,37.060480,0.00195964,5,0,0,0,0.00162958,-0.00225890,-0.00206835,0.96424383,0.83601993,0.96808511,-1.65108764,-0.85200471,-0.17379870,-0.16804022,0.37060481,0.01230950,-0.92268234,-0.38556099,0.00000000,0.00000000,0.00000000,0.00000000,0.00000000,1.00000000,0.00000000,0.00000000,0.800000,0.100000,0.100000,LONG,6.000000,12.000000,72.000000,6.000000,12.000000,72.000000,LONG,0,6.000000,12.000000,6.000000,12.000000,72,1,,0.371667,6,0.011333,1.65108760,1.89354612,adaptive_quantile,1,41,0.1.4,1.0,0.1.2,0.1.0q,0.1.0,0.1.0,0.1.0,0.1
2026.02.20 19:30,US100,PERIOD_M5,Bid,24873.60000000,24919.20000000,24865.85000000,24900.35000000,60.00,49.17857143,36.164978,0.00197502,5,0,0,0,0.00108491,0.00106481,-0.00347783,1.08482206,0.54393607,0.29334584,-0.98387396,-0.28385073,-0.10356568,-0.10024582,0.36164978,0.01220044,-0.92387950,-0.38268343,0.00000000,0.00000000,0.00000000,0.00000000,0.00000000,1.00000000,0.00000000,0.00000000,0.800000,0.100000,0.100000,LONG,6.000000,12.000000,72.000000,6.000000,12.000000,72.000000,LONG,0,6.000000,12.000000,6.000000,12.000000,72,1,,0.371667,6,0.011333,0.98387394,1.89354612,adaptive_quantile,1,42,0.1.4,1.0,0.1.2,0.1.0q,0.1.0,0.1.0,0.1.0,0.1
2026.02.20 19:35,US100,PERIOD_M5,Bid,24900.85000000,24914.60000000,24859.60000000,24909.85000000,60.00,50.15000000,35.663857,0.00201326,5,0,0,0,0.00038145,0.00309593,-0.00442619,1.09670985,0.17946161,0.82727271,-0.70153803,-0.08543362,-0.07384611,-0.07656904,0.35663858,0.01196411,-0.92506772,-0.37980217,0.00000000,0.00000000,0.00000000,0.00000000,0.00000000,1.00000000,0.00000000,0.00000000,0.800000,0.100000,0.100000,LONG,6.000000,12.000000,72.000000,6.000000,12.000000,72.000000,LONG,0,6.000000,12.000000,6.000000,12.000000,72,1,,0.371667,6,0.011333,0.70153804,1.87947840,adaptive_quantile,1,43,0.1.4,1.0,0.1.2,0.1.0q,0.1.0,0.1.0,0.1.0,0.1
2026.02.20 19:40,US100,PERIOD_M5,Bid,24909.85000000,24917.35000000,24876.85000000,24910.60000000,60.00,47.52500000,34.876379,0.00190782,5,0,0,0,0.00003011,0.00149647,-0.00519511,0.85218304,0.01578117,0.66666669,-0.65550512,-0.07145478,-0.06900054,-0.07460295,0.34876379,0.01262493,-0.92624694,-0.37691721,0.00000000,0.00000000,0.00000000,0.00000000,0.00000000,1.00000000,0.00000000,0.00000000,0.800000,0.100000,0.100000,LONG,6.000000,12.000000,72.000000,6.000000,12.000000,72.000000,LONG,0,6.000000,12.000000,6.000000,12.000000,72,1,,0.371667,6,0.011333,0.65550514,1.78331005,adaptive_quantile,1,44,0.1.4,1.0,0.1.2,0.1.0q,0.1.0,0.1.0,0.1.0,0.1
2026.02.20 19:45,US100,PERIOD_M5,Bid,24910.10000000,24955.35000000,24888.20000000,24950.60000000,60.00,48.08928571,31.402601,0.00192738,5,0,0,0,0.00160445,0.00201601,-0.00484783,1.39636099,0.84218341,0.85852569,0.16645154,0.73132002,0.01752121,0.02741406,0.31402600,0.01247679,-0.92741716,-0.37402856,0.00000000,0.00000000,0.00000000,0.00000000,0.00000000,1.00000000,0.00000000,0.00000000,0.800000,0.100000,0.100000,LONG,6.000000,12.000000,72.000000,6.000000,12.000000,72.000000,LONG,0,6.000000,12.000000,6.000000,12.000000,72,1,,0.371667,6,0.011333,0.16645154,1.76440984,adaptive_quantile,1,45,0.1.4,1.0,0.1.2,0.1.0q,0.1.0,0.1.0,0.1.0,0.1
2026.02.20 19:50,US100,PERIOD_M5,Bid,24950.10000000,24986.85000000,24930.35000000,24974.10000000,60.00,48.57142857,28.287891,0.00194487,3,1,0,1,0.00094142,0.00257598,-0.00381667,1.16323531,0.49411765,0.54867256,0.58684921,1.16051614,0.06177360,0.08252184,0.28287891,0.01235294,-0.92857838,-0.37113631,0.00000000,0.00000000,0.00000000,1.00000000,0.00000000,0.00000000,1.00000000,0.00000000,0.800000,0.100000,0.100000,LONG,6.000000,12.000000,72.000000,6.000000,12.000000,72.000000,LONG,0,6.000000,12.000000,6.000000,12.000000,72,1,,0.371667,6,0.011333,0.58684919,1.75868469,adaptive_quantile,1,46,0.1.4,1.0,0.1.2,0.1.0q,0.1.0,0.1.0,0.1.0,0.1
2026.02.20 19:55,US100,PERIOD_M5,Bid,24973.35000000,24989.60000000,24914.35000000,24981.85000000,60.00,51.26785714,24.668761,0.00205220,3,1,0,1,0.00031027,0.00285615,-0.00253862,1.46778131,0.16579589,0.79401994,0.63980305,1.20160079,0.06734769,0.10062050,0.24668761,0.01170324,-0.92973059,-0.36824048,0.00000000,0.00000000,0.00000000,1.00000000,0.00000000,0.00000000,1.00000000,0.00000000,0.800000,0.100000,0.100000,LONG,6.000000,12.000000,72.000000,6.000000,12.000000,72.000000,LONG,0,6.000000,12.000000,6.000000,12.000000,72,1,,0.371667,6,0.011333,0.63980306,1.71724931,adaptive_quantile,1,47,0.1.4,1.0,0.1.2,0.1.0q,0.1.0,0.1.0,0.1.0,0.1
2026.02.20 20:00,US100,PERIOD_M5,Bid,24982.85000000,24992.10000000,24950.10000000,24952.60000000,60.00,52.07142857,21.798511,0.00208681,3,0,0,0,-0.00117154,0.00008016,-0.00249162,0.80658436,-0.58093280,-0.88095236,0.06170581,0.59696329,0.00649535,0.01892437,0.21798511,0.01152263,-0.93087375,-0.36534104,0.00000000,0.00000000,0.00000000,1.00000000,0.00000000,0.00000000,0.00000000,0.00000000,0.800000,0.100000,0.100000,LONG,6.000000,12.000000,72.000000,6.000000,12.000000,72.000000,LONG,0,6.000000,12.000000,6.000000,12.000000,72,1,,0.371667,6,0.011333,0.06170581,1.71724931,adaptive_quantile,1,48,0.1.4,1.0,0.1.2,0.1.0q,0.1.0,0.1.0,0.1.0,0.1
2026.02.20 20:05,US100,PERIOD_M5,Bid,24953.60000000,24989.60000000,24950.85000000,24971.35000000,60.00,52.39285714,19.310962,0.00209812,1,0,0,0,0.00075114,-0.00011012,-0.00034033,0.73960465,0.33878663,0.05806452,0.37927660,0.91387320,0.03992385,0.06674594,0.19310962,0.01145194,-0.93200785,-0.36243805,0.00000000,1.00000000,0.00000000,0.00000000,0.00000000,0.00000000,0.00000000,0.00000000,0.800000,0.100000,0.100000,LONG,6.000000,12.000000,72.000000,6.000000,12.000000,72.000000,LONG,0,6.000000,12.000000,6.000000,12.000000,72,1,,0.371667,6,0.011333,0.37927661,1.71724931,adaptive_quantile,1,49,0.1.4,1.0,0.1.2,0.1.0q,0.1.0,0.1.0,0.1.0,0.1
2026.02.20 20:10,US100,PERIOD_M5,Bid,24970.85000000,24972.10000000,24939.10000000,24950.10000000,60.00,51.62500000,18.223506,0.00206913,1,0,0,0,-0.00085134,-0.00127173,0.00082198,0.63922518,-0.40193704,-0.33333334,-0.02416113,0.49561450,-0.00254328,0.00684595,0.18223506,0.01162228,-0.93313295,-0.35953152,0.00000000,1.00000000,0.00000000,0.00000000,0.00000000,0.00000000,0.00000000,0.00000000,0.800000,0.100000,0.100000,LONG,6.000000,12.000000,72.000000,6.000000,12.000000,72.000000,LONG,0,6.000000,12.000000,6.000000,12.000000,72,1,,0.371667,6,0.011333,0.02416113,1.71724931,adaptive_quantile,1,50,0.1.4,1.0,0.1.2,0.1.0q,0.1.0,0.1.0,0.1.0,0.1
2026.02.20 20:15,US100,PERIOD_M5,Bid,24950.10000000,24950.60000000,24912.35000000,24925.60000000,60.00,51.33928571,20.112787,0.00205970,3,0,0,0,-0.00098244,-0.00108264,0.00207834,0.74504346,-0.47721741,-0.30718955,-0.45374984,0.02032568,-0.04776314,-0.05877620,0.20112787,0.01168696,-0.93424892,-0.35662153,0.00000000,0.00000000,0.00000000,1.00000000,0.00000000,0.00000000,0.00000000,0.00000000,0.800000,0.100000,0.100000,LONG,6.000000,12.000000,72.000000,6.000000,12.000000,72.000000,LONG,0,6.000000,12.000000,6.000000,12.000000,72,1,,0.371667,6,0.011333,0.45374984,1.71724931,adaptive_quantile,1,51,0.1.4,1.0,0.1.2,0.1.0q,0.1.0,0.1.0,0.1.0,0.1
2026.02.20 20:20,US100,PERIOD_M5,Bid,24927.60000000,24944.60000000,24879.85000000,24930.85000000,110.00,52.19642857,23.239759,0.00209365,3,0,0,0,0.00021060,-0.00162318,0.00393862,1.24050629,0.06226480,0.57528955,-0.31279159,0.11584512,-0.03292543,-0.04308753,0.23239759,0.02107424,-0.93535584,-0.35370806,0.00000000,0.00000000,0.00000000,1.00000000,0.00000000,0.00000000,0.00000000,0.00000000,0.800000,0.100000,0.100000,LONG,6.000000,12.000000,72.000000,6.000000,12.000000,72.000000,LONG,0,6.000000,12.000000,6.000000,12.000000,72,1,,0.371667,6,0.011333,0.31279157,1.71724931,adaptive_quantile,1,52,0.1.4,1.0,0.1.2,0.1.0q,0.1.0,0.1.0,0.1.0,0.1
2026.02.20 20:25,US100,PERIOD_M5,Bid,24930.85000000,24935.85000000,24892.60000000,24912.35000000,60.00,50.78571429,25.949801,0.00203858,3,0,0,0,-0.00074233,-0.00151417,0.00156672,0.85161746,-0.36427566,-0.08670520,-0.62044579,-0.23559645,-0.06531008,-0.09403142,0.25949800,0.01181435,-0.93645370,-0.35079116,0.00000000,0.00000000,0.00000000,1.00000000,0.00000000,0.00000000,0.00000000,0.00000000,0.800000,0.100000,0.100000,LONG,6.000000,12.000000,72.000000,6.000000,12.000000,72.000000,LONG,0,6.000000,12.000000,6.000000,12.000000,72,1,,0.371667,6,0.011333,0.62044581,1.71724931,adaptive_quantile,1,53,0.1.4,1.0,0.1.2,0.1.0q,0.1.0,0.1.0,0.1.0,0.1
2026.02.20 20:30,US100,PERIOD_M5,Bid,24913.85000000,25010.35000000,24876.35000000,24976.85000000,110.00,56.33928571,24.547767,0.00225566,3,1,0,1,0.00258573,0.00205401,0.00306754,2.37844682,1.11822510,0.50000000,0.52979535,0.89590889,0.05576793,0.08822411,0.24547768,0.01952456,-0.93754244,-0.34787086,0.00000000,0.00000000,0.00000000,1.00000000,0.00000000,0.00000000,1.00000000,0.00000000,0.800000,0.100000,0.100000,LONG,6.000000,12.000000,72.000000,6.000000,12.000000,72.000000,LONG,0,6.000000,12.000000,6.000000,12.000000,72,1,,0.371667,6,0.011333,0.52979534,1.71724931,adaptive_quantile,1,54,0.1.4,1.0,0.1.2,0.1.0q,0.1.0,0.1.0,0.1.0,0.1
2026.02.20 20:35,US100,PERIOD_M5,Bid,24973.85000000,25002.10000000,24914.10000000,24971.60000000,60.00,59.26785714,23.332671,0.00237341,3,1,0,1,-0.00021022,0.00163319,0.00247587,1.48478460,-0.03796324,0.30681819,0.37550870,0.73313504,0.03952723,0.07256174,0.23332670,0.01012353,-0.93862212,-0.34494719,0.00000000,0.00000000,0.00000000,1.00000000,0.00000000,0.00000000,1.00000000,0.00000000,0.800000,0.100000,0.100000,LONG,6.000000,12.000000,72.000000,6.000000,12.000000,72.000000,LONG,0,6.000000,12.000000,6.000000,12.000000,72,1,,0.371667,6,0.011333,0.37550871,1.71724931,adaptive_quantile,1,55,0.1.4,1.0,0.1.2,0.1.0q,0.1.0,0.1.0,0.1.0,0.1
2026.02.20 20:40,US100,PERIOD_M5,Bid,24972.10000000,25023.00000000,24970.10000000,25018.10000000,60.00,59.23571429,20.570735,0.00236771,3,1,0,1,0.00186038,0.00423590,0.00430615,0.89304233,0.77655852,0.81474483,1.05016792,1.45898199,0.11054399,0.18451425,0.20570736,0.01012902,-0.93969262,-0.34202015,0.00000000,0.00000000,0.00000000,1.00000000,0.00000000,0.00000000,1.00000000,0.00000000,0.800000,0.100000,0.100000,LONG,6.000000,12.000000,72.000000,6.000000,12.000000,72.000000,LONG,0,6.000000,12.000000,6.000000,12.000000,72,1,,0.371667,6,0.011333,1.05016788,1.71724931,adaptive_quantile,1,56,0.1.4,1.0,0.1.2,0.1.0q,0.1.0,0.1.0,0.1.0,0.1
2026.02.20 20:45,US100,PERIOD_M5,Bid,25016.85000000,25069.10000000,25016.10000000,25031.10000000,60.00,59.09285714,21.868739,0.00236078,3,1,0,1,0.00051949,0.00216966,0.00322118,0.89689350,0.24114589,-0.43396226,1.15148997,1.61652136,0.12120946,0.21311232,0.21868740,0.01015351,-0.94075400,-0.33908978,0.00000000,0.00000000,0.00000000,1.00000000,0.00000000,0.00000000,1.00000000,0.00000000,0.800000,0.100000,0.100000,LONG,6.000000,12.000000,72.000000,6.000000,12.000000,72.000000,LONG,0,6.000000,12.000000,6.000000,12.000000,72,1,,0.371667,6,0.011333,1.15148994,1.71724931,adaptive_quantile,1,57,0.1.4,1.0,0.1.2,0.1.0q,0.1.0,0.1.0,0.1.0,0.1
2026.02.20 20:50,US100,PERIOD_M5,Bid,25031.35000000,25055.60000000,24993.70000000,25048.35000000,60.00,60.62142857,20.907140,0.00242018,3,1,0,1,0.00068891,0.00306878,0.00296867,1.02109110,0.28042889,0.76575118,1.27300715,1.78736007,0.13400075,0.25066385,0.20907140,0.00989749,-0.94180626,-0.33615613,0.00000000,0.00000000,0.00000000,1.00000000,0.00000000,0.00000000,1.00000000,0.00000000,0.800000,0.100000,0.100000,LONG,6.000000,12.000000,72.000000,6.000000,12.000000,72.000000,LONG,0,6.000000,12.000000,6.000000,12.000000,72,1,,0.371667,6,0.011333,1.27300718,1.71201312,adaptive_quantile,1,58,0.1.4,1.0,0.1.2,0.1.0q,0.1.0,0.1.0,0.1.0,0.1
2026.02.20 20:55,US100,PERIOD_M5,Bid,25050.10000000,25059.10000000,25035.10000000,25045.10000000,60.00,57.53928571,20.675591,0.00229743,3,1,0,1,-0.00012976,0.00107864,0.00252864,0.41710633,-0.08689715,-0.16666667,1.16236007,1.75498641,0.12235370,0.23867024,0.20675591,0.01042766,-0.94284940,-0.33321923,0.00000000,0.00000000,0.00000000,1.00000000,0.00000000,0.00000000,1.00000000,0.00000000,0.800000,0.100000,0.100000,LONG,6.000000,12.000000,72.000000,6.000000,12.000000,72.000000,LONG,0,6.000000,12.000000,6.000000,12.000000,72,1,,0.371667,6,0.011333,1.16236009,1.69477826,adaptive_quantile,1,59,0.1.4,1.0,0.1.2,0.1.0q,0.1.0,0.1.0,0.1.0,0.1
2026.02.20 21:00,US100,PERIOD_M5,Bid,25045.10000000,25065.60000000,25041.85000000,25049.85000000,60.00,55.20000000,21.582380,0.00220361,3,1,0,1,0.00018964,0.00074879,0.00388981,0.43025362,0.08605073,-0.32631579,1.17408216,1.84029639,0.12358759,0.24999087,0.21582380,0.01086957,-0.94388336,-0.33027905,0.00000000,0.00000000,0.00000000,1.00000000,0.00000000,0.00000000,1.00000000,0.00000000,0.800000,0.100000,0.100000,LONG,6.000000,12.000000,72.000000,6.000000,12.000000,72.000000,LONG,0,6.000000,12.000000,6.000000,12.000000,72,1,,0.371667,6,0.011333,1.17408214,1.67724708,adaptive_quantile,1,60,0.1.4,1.0,0.1.2,0.1.0q,0.1.0,0.1.0,0.1.0,0.1
2026.02.20 21:05,US100,PERIOD_M5,Bid,25050.85000000,25051.10000000,25021.10000000,25028.60000000,60.00,51.96785714,18.960042,0.00207634,1,0,0,0,-0.00084867,-0.00078879,0.00229000,0.57727993,-0.42814928,-0.50000000,0.75836927,1.48522568,0.07982834,0.16642943,0.18960042,0.01154560,-0.94490808,-0.32733569,0.00000000,1.00000000,0.00000000,0.00000000,0.00000000,0.00000000,0.00000000,0.00000000,0.800000,0.100000,0.100000,LONG,6.000000,12.000000,72.000000,6.000000,12.000000,72.000000,LONG,0,6.000000,12.000000,6.000000,12.000000,72,1,,0.371667,6,0.011333,0.75836928,1.65108760,adaptive_quantile,1,61,0.1.4,1.0,0.1.2,0.1.0q,0.1.0,0.1.0,0.1.0,0.1
2026.02.20 21:10,US100,PERIOD_M5,Bid,25028.85000000,25035.85000000,25005.60000000,25009.10000000,60.00,51.12857143,18.840454,0.00204440,1,0,0,0,-0.00077941,-0.00143844,0.00236193,0.59164572,-0.38628107,-0.76859504,0.35233837,1.08397079,0.03708825,0.09414662,0.18840453,0.01173512,-0.94592369,-0.32438916,0.00000000,1.00000000,0.00000000,0.00000000,0.00000000,0.00000000,0.00000000,0.00000000,0.800000,0.100000,0.100000,LONG,6.000000,12.000000,72.000000,6.000000,12.000000,72.000000,LONG,0,6.000000,12.000000,6.000000,12.000000,72,1,,0.371667,6,0.011333,0.35233836,1.58299999,adaptive_quantile,1,62,0.1.4,1.0,0.1.2,0.1.0q,0.1.0,0.1.0,0.1.0,0.1
2026.02.20 21:15,US100,PERIOD_M5,Bid,25008.85000000,25015.35000000,24998.85000000,25006.60000000,60.00,49.53928571,20.175530,0.00198105,3,1,0,1,-0.00009997,-0.00172805,0.00324440,0.33306900,-0.04541850,-0.06060606,0.28335047,1.02638757,0.02982637,0.08486462,0.20175530,0.01211160,-0.94693011,-0.32143947,0.00000000,0.00000000,0.00000000,1.00000000,0.00000000,0.00000000,1.00000000,0.00000000,0.800000,0.100000,0.100000,LONG,6.000000,12.000000,72.000000,6.000000,12.000000,72.000000,LONG,0,6.000000,12.000000,6.000000,12.000000,72,1,,0.371667,6,0.011333,0.28335048,1.58299999,adaptive_quantile,1,63,0.1.4,1.0,0.1.2,0.1.0q,0.1.0,0.1.0,0.1.0,0.1
2026.02.20 21:20,US100,PERIOD_M5,Bid,25006.60000000,25031.35000000,24998.85000000,25018.60000000,60.00,49.50357143,18.676622,0.00197867,1,0,0,0,0.00047976,-0.00039962,0.00351356,0.65651828,0.24240676,0.21538462,0.47587007,1.21974921,0.05009159,0.12330952,0.18676622,0.01212034,-0.94792736,-0.31848666,0.00000000,1.00000000,0.00000000,0.00000000,0.00000000,0.00000000,0.00000000,0.00000000,0.800000,0.100000,0.100000,LONG,6.000000,12.000000,72.000000,6.000000,12.000000,72.000000,LONG,0,6.000000,12.000000,6.000000,12.000000,72,1,,0.371667,6,0.011333,0.47587007,1.58299999,adaptive_quantile,1,64,0.1.4,1.0,0.1.2,0.1.0q,0.1.0,0.1.0,0.1.0,0.1
2026.02.20 21:25,US100,PERIOD_M5,Bid,25018.35000000,25020.60000000,24984.60000000,24999.35000000,60.00,49.34285714,18.900578,0.00197377,1,0,0,0,-0.00076972,-0.00038993,0.00348616,0.72958887,-0.38506079,-0.18055555,0.07897905,0.80090463,0.00831358,0.04730151,0.18900578,0.01215982,-0.94891536,-0.31553075,0.00000000,1.00000000,0.00000000,0.00000000,0.00000000,0.00000000,0.00000000,0.00000000,0.800000,0.100000,0.100000,LONG,6.000000,12.000000,72.000000,6.000000,12.000000,72.000000,LONG,0,6.000000,12.000000,6.000000,12.000000,72,1,,0.371667,6,0.011333,0.07897905,1.58299999,adaptive_quantile,1,65,0.1.4,1.0,0.1.2,0.1.0q,0.1.0,0.1.0,0.1.0,0.1
2026.02.20 21:30,US100,PERIOD_M5,Bid,24999.60000000,25024.10000000,24999.10000000,25009.35000000,60.00,46.50357143,18.313230,0.00185945,1,0,0,0,0.00039993,0.00010996,0.00130036,0.53759313,0.20966132,-0.18000001,0.27037758,1.02308285,0.02846080,0.08204976,0.18313231,0.01290223,-0.94989413,-0.31257176,0.00000000,1.00000000,0.00000000,0.00000000,0.00000000,0.00000000,0.00000000,0.00000000,0.800000,0.100000,0.100000,LONG,6.000000,12.000000,72.000000,6.000000,12.000000,72.000000,LONG,0,6.000000,12.000000,6.000000,12.000000,72,1,,0.371667,6,0.011333,0.27037758,1.58299999,adaptive_quantile,1,66,0.1.4,1.0,0.1.2,0.1.0q,0.1.0,0.1.0,0.1.0,0.1
2026.02.20 21:35,US100,PERIOD_M5,Bid,25009.10000000,25012.60000000,24989.35000000,24996.35000000,60.00,45.07500000,19.446538,0.00180326,1,0,0,0,-0.00051994,-0.00088973,0.00099064,0.51580697,-0.28286189,-0.39784947,-0.00856040,0.73701704,-0.00090109,0.02948145,0.19446538,0.01331115,-0.95086372,-0.30960977,0.00000000,1.00000000,0.00000000,0.00000000,0.00000000,0.00000000,0.00000000,0.00000000,0.800000,0.100000,0.100000,LONG,6.000000,12.000000,72.000000,6.000000,12.000000,72.000000,LONG,0,6.000000,12.000000,6.000000,12.000000,72,1,,0.371667,6,0.011333,0.00856040,1.56184411,adaptive_quantile,1,67,0.1.4,1.0,0.1.2,0.1.0q,0.1.0,0.1.0,0.1.0,0.1
2026.02.20 21:40,US100,PERIOD_M5,Bid,24997.10000000,25005.35000000,24981.35000000,24985.60000000,60.00,37.21785714,21.567569,0.00148957,3,0,0,0,-0.00043016,-0.00055017,-0.00129990,0.64485174,-0.30899146,-0.64583331,-0.27071151,0.58009320,-0.02849595,-0.01321099,0.21567568,0.01612129,-0.95182407,-0.30664474,0.00000000,0.00000000,0.00000000,1.00000000,0.00000000,0.00000000,0.00000000,0.00000000,0.800000,0.100000,0.100000,LONG,6.000000,12.000000,72.000000,6.000000,12.000000,72.000000,LONG,0,6.000000,12.000000,6.000000,12.000000,72,1,,0.371667,6,0.011333,0.27071150,1.48425703,adaptive_quantile,1,68,0.1.4,1.0,0.1.2,0.1.0q,0.1.0,0.1.0,0.1.0,0.1
2026.02.20 21:45,US100,PERIOD_M5,Bid,24984.85000000,24990.85000000,24974.85000000,24985.35000000,60.00,32.07500000,24.620951,0.00128375,3,0,0,0,-0.00001001,-0.00096010,-0.00182940,0.49883085,0.01558846,0.31250000,-0.29125300,0.63921964,-0.03065821,-0.01423480,0.24620952,0.01870616,-0.95277512,-0.30367675,0.00000000,0.00000000,0.00000000,1.00000000,0.00000000,0.00000000,0.00000000,0.00000000,0.800000,0.100000,0.100000,LONG,6.000000,12.000000,72.000000,6.000000,12.000000,72.000000,LONG,0,6.000000,12.000000,6.000000,12.000000,72,1,,0.371667,6,0.011333,0.29125300,1.47235946,adaptive_quantile,1,69,0.1.4,1.0,0.1.2,0.1.0q,0.1.0,0.1.0,0.1.0,0.1
2026.02.20 21:50,US100,PERIOD_M5,Bid,24985.35000000,25010.35000000,24979.60000000,24985.10000000,60.00,30.49285714,23.366560,0.00122044,3,0,0,0,-0.00001001,-0.00045017,-0.00252831,1.00843287,-0.00819864,-0.64227641,-0.28460509,0.63814080,-0.02995843,-0.01533500,0.23366560,0.01967674,-0.95371693,-0.30070579,0.00000000,0.00000000,0.00000000,1.00000000,0.00000000,0.00000000,0.00000000,0.00000000,0.800000,0.100000,0.100000,LONG,6.000000,12.000000,72.000000,6.000000,12.000000,72.000000,LONG,0,6.000000,12.000000,6.000000,12.000000,72,1,,0.371667,6,0.011333,0.28460507,1.47235946,adaptive_quantile,1,70,0.1.4,1.0,0.1.2,0.1.0q,0.1.0,0.1.0,0.1.0,0.1
2026.02.20 21:55,US100,PERIOD_M5,Bid,24985.35000000,24993.85000000,24964.85000000,24969.35000000,60.00,28.77857143,24.063644,0.00115256,3,0,0,0,-0.00063057,-0.00065059,-0.00302913,1.00769424,-0.55596924,-0.68965518,-0.76799870,0.12381767,-0.08084197,-0.08464744,0.24063644,0.02084885,-0.95464951,-0.29773194,0.00000000,0.00000000,0.00000000,1.00000000,0.00000000,0.00000000,0.00000000,0.00000000,0.800000,0.100000,0.100000,LONG,6.000000,12.000000,72.000000,6.000000,12.000000,72.000000,LONG,0,6.000000,12.000000,6.000000,12.000000,72,1,,0.371667,6,0.011333,0.76799870,1.47235946,adaptive_quantile,1,71,0.1.4,1.0,0.1.2,0.1.0q,0.1.0,0.1.0,0.1.0,0.1
2026.02.20 22:00,US100,PERIOD_M5,Bid,24968.10000000,24998.35000000,24962.85000000,24991.60000000,60.00,26.89285714,23.923387,0.00107608,3,0,0,0,0.00089070,0.00025012,-0.00232807,1.32005310,0.87383801,0.61971831,0.00498238,0.92221546,0.00052446,0.02027339,0.23923387,0.02231076,-0.95557278,-0.29475516,0.00000000,0.00000000,0.00000000,1.00000000,0.00000000,0.00000000,0.00000000,0.00000000,0.800000,0.100000,0.100000,LONG,6.000000,12.000000,72.000000,6.000000,12.000000,72.000000,LONG,0,0.000000,0.000000,0.000000,0.000000,72,1,,0.371667,6,0.011333,0.00498238,1.45901612,adaptive_quantile,0,0,0.1.4,1.0,0.1.2,0.1.0q,0.1.0,0.1.0,0.1.0,0.1
2026.02.20 22:05,US100,PERIOD_M5,Bid,24991.35000000,25023.35000000,24990.35000000,25012.60000000,60.00,27.53571429,21.444394,0.00110087,3,1,0,1,0.00083993,0.00110005,-0.00063947,1.19844353,0.77172506,0.34848484,0.69441557,1.59810245,0.07309638,0.10797804,0.21444394,0.02178988,-0.95648682,-0.29177555,0.00000000,0.00000000,0.00000000,1.00000000,0.00000000,0.00000000,1.00000000,0.00000000,0.800000,0.100000,0.100000,LONG,6.000000,12.000000,72.000000,6.000000,12.000000,72.000000,LONG,0,6.000000,12.000000,6.000000,12.000000,72,1,,0.371667,6,0.011333,0.69441559,1.45305134,adaptive_quantile,1,0,0.1.4,1.0,0.1.2,0.1.0q,0.1.0,0.1.0,0.1.0,0.1
2026.02.20 22:10,US100,PERIOD_M5,Bid,25012.60000000,25019.60000000,25004.35000000,25013.85000000,60.00,26.92857143,19.295934,0.00107655,1,0,0,0,0.00004997,0.00178060,0.00018991,0.56631297,0.04641910,0.24590164,0.68444449,1.61464894,0.07204679,0.11306764,0.19295934,0.02228117,-0.95739156,-0.28879309,0.00000000,1.00000000,0.00000000,0.00000000,0.00000000,0.00000000,0.00000000,0.00000000,0.800000,0.100000,0.100000,LONG,6.000000,12.000000,72.000000,6.000000,12.000000,72.000000,LONG,0,6.000000,12.000000,6.000000,12.000000,72,1,,0.371667,6,0.011333,0.68444449,1.45305134,adaptive_quantile,1,1,0.1.4,1.0,0.1.2,0.1.0q,0.1.0,0.1.0,0.1.0,0.1
2026.02.20 22:15,US100,PERIOD_M5,Bid,25013.60000000,25016.10000000,24989.35000000,24992.35000000,60.00,26.69642857,18.611085,0.00106818,1,0,0,0,-0.00085989,0.00003001,-0.00057001,1.00200665,-0.79598659,-0.77570093,-0.10400690,0.79105043,-0.01094809,0.00667524,0.18611085,0.02247492,-0.95828694,-0.28580785,0.00000000,1.00000000,0.00000000,0.00000000,0.00000000,0.00000000,0.00000000,0.00000000,0.800000,0.100000,0.100000,LONG,6.000000,12.000000,72.000000,6.000000,12.000000,72.000000,LONG,0,6.000000,12.000000,6.000000,12.000000,72,1,,0.371667,6,0.011333,0.10400690,1.27388602,adaptive_quantile,1,2,0.1.4,1.0,0.1.2,0.1.0q,0.1.0,0.1.0,0.1.0,0.1
2026.02.20 22:20,US100,PERIOD_M5,Bid,24992.60000000,24994.25000000,24972.10000000,24976.10000000,60.00,26.11785714,20.635204,0.00104571,3,0,0,0,-0.00065041,-0.00146033,-0.00170018,0.84807879,-0.63175166,-0.63882619,-0.65911055,0.17908479,-0.06938005,-0.06599208,0.20635204,0.02297279,-0.95917308,-0.28281981,0.00000000,0.00000000,0.00000000,1.00000000,0.00000000,0.00000000,0.00000000,0.00000000,0.800000,0.100000,0.100000,LONG,6.000000,12.000000,72.000000,6.000000,12.000000,72.000000,LONG,0,6.000000,12.000000,6.000000,12.000000,72,1,,0.371667,6,0.011333,0.65911052,1.27300718,adaptive_quantile,1,3,0.1.4,1.0,0.1.2,0.1.0q,0.1.0,0.1.0,0.1.0,0.1
2026.02.20 22:25,US100,PERIOD_M5,Bid,24976.10000000,24980.10000000,24960.85000000,24967.60000000,60.00,26.31428571,23.848648,0.00105394,3,0,0,0,-0.00034038,-0.00185069,-0.00127084,0.73154181,-0.32301846,-0.29870129,-0.88414139,-0.13957360,-0.09306751,-0.10248768,0.23848648,0.02280130,-0.96004987,-0.27982903,0.00000000,0.00000000,0.00000000,1.00000000,0.00000000,0.00000000,0.00000000,0.00000000,0.800000,0.100000,0.100000,LONG,6.000000,12.000000,72.000000,6.000000,12.000000,72.000000,LONG,0,6.000000,12.000000,6.000000,12.000000,72,1,,0.371667,6,0.011333,0.88414139,1.23436780,adaptive_quantile,1,4,0.1.4,1.0,0.1.2,0.1.0q,0.1.0,0.1.0,0.1.0,0.1
2026.02.20 22:30,US100,PERIOD_M5,Bid,24967.60000000,24985.35000000,24964.60000000,24973.10000000,60.00,25.47500000,25.161681,0.00102010,3,0,0,0,0.00022026,-0.00077053,-0.00145051,0.81452405,0.21589793,-0.18072289,-0.63095552,0.06891324,-0.06641637,-0.07326465,0.25161681,0.02355250,-0.96091729,-0.27683550,0.00000000,0.00000000,0.00000000,1.00000000,0.00000000,0.00000000,0.00000000,0.00000000,0.800000,0.100000,0.100000,LONG,6.000000,12.000000,72.000000,6.000000,12.000000,72.000000,LONG,0,6.000000,12.000000,6.000000,12.000000,72,1,,0.371667,6,0.011333,0.63095553,1.23436780,adaptive_quantile,1,5,0.1.4,1.0,0.1.2,0.1.0q,0.1.0,0.1.0,0.1.0,0.1
2026.02.20 22:35,US100,PERIOD_M5,Bid,24972.85000000,24992.10000000,24969.60000000,24990.10000000,60.00,24.51071429,24.615201,0.00098082,3,0,0,0,0.00068050,0.00056038,-0.00025007,0.91796589,0.70377386,0.82222223,0.03419641,0.73519081,0.00359962,0.01375312,0.24615201,0.02447909,-0.96177548,-0.27383932,0.00000000,0.00000000,0.00000000,1.00000000,0.00000000,0.00000000,0.00000000,0.00000000,0.800000,0.100000,0.100000,LONG,6.000000,12.000000,72.000000,6.000000,12.000000,72.000000,LONG,0,6.000000,12.000000,6.000000,12.000000,72,1,,0.371667,6,0.011333,0.03419641,1.23436780,adaptive_quantile,1,6,0.1.4,1.0,0.1.2,0.1.0q,0.1.0,0.1.0,0.1.0,0.1
2026.02.20 22:40,US100,PERIOD_M5,Bid,24990.35000000,25006.60000000,24988.60000000,25006.35000000,60.00,24.01071429,22.180297,0.00096018,3,1,0,1,0.00065005,0.00155081,0.00083013,0.74966532,0.66636920,0.97222221,0.64390975,1.37130988,0.06777997,0.08972662,0.22180296,0.02498884,-0.96262425,-0.27084047,0.00000000,0.00000000,0.00000000,1.00000000,0.00000000,0.00000000,1.00000000,0.00000000,0.800000,0.100000,0.100000,LONG,6.000000,12.000000,72.000000,6.000000,12.000000,72.000000,LONG,0,6.000000,12.000000,6.000000,12.000000,72,1,,0.371667,6,0.011333,0.64390975,1.21631849,adaptive_quantile,1,7,0.1.4,1.0,0.1.2,0.1.0q,0.1.0,0.1.0,0.1.0,0.1
2026.02.20 22:45,US100,PERIOD_M5,Bid,25004.35000000,25011.10000000,24991.10000000,24991.10000000,110.00,23.77857143,20.919368,0.00095148,3,0,0,0,-0.00061003,0.00072052,0.00023011,0.84109342,-0.55722439,-1.00000000,0.00801828,0.71421224,0.00084403,0.01101561,0.20919368,0.04626014,-0.96346366,-0.26783898,0.00000000,0.00000000,0.00000000,1.00000000,0.00000000,0.00000000,0.00000000,0.00000000,0.800000,0.100000,0.100000,LONG,6.000000,12.000000,72.000000,6.000000,12.000000,72.000000,LONG,0,6.000000,12.000000,6.000000,12.000000,72,1,,0.371667,6,0.011333,0.00801828,1.21631849,adaptive_quantile,1,8,0.1.4,1.0,0.1.2,0.1.0q,0.1.0,0.1.0,0.1.0,0.1
2026.02.20 22:50,US100,PERIOD_M5,Bid,24991.35000000,25009.10000000,24981.85000000,25000.60000000,60.00,24.01071429,18.235328,0.00096041,1,0,0,0,0.00038006,0.00042008,0.00062018,1.13490999,0.38524470,0.37614679,0.36515960,1.05971026,0.03843785,0.05672392,0.18235327,0.02498884,-0.96429378,-0.26483491,0.00000000,1.00000000,0.00000000,0.00000000,0.00000000,0.00000000,0.00000000,0.00000000,0.800000,0.100000,0.100000,LONG,6.000000,12.000000,72.000000,6.000000,12.000000,72.000000,LONG,0,6.000000,12.000000,6.000000,12.000000,72,1,,0.371667,6,0.011333,0.36515960,1.21631849,adaptive_quantile,1,9,0.1.4,1.0,0.1.2,0.1.0q,0.1.0,0.1.0,0.1.0,0.1
2026.02.20 22:55,US100,PERIOD_M5,Bid,24995.60000000,25023.95000000,24991.85000000,25021.95000000,60.00,25.16071429,17.797129,0.00100555,1,0,0,0,0.00085362,0.00062365,0.00210437,1.27579844,1.04726756,0.87538940,1.08301318,1.78688586,0.11400139,0.15162136,0.17797129,0.02384670,-0.96511447,-0.26182824,0.00000000,1.00000000,0.00000000,0.00000000,0.00000000,0.00000000,0.00000000,0.00000000,0.800000,0.100000,0.100000,LONG,6.000000,12.000000,72.000000,6.000000,12.000000,72.000000,LONG,0,6.000000,12.000000,6.000000,12.000000,72,1,,0.371667,6,0.011333,1.08301323,1.21631849,adaptive_quantile,1,10,0.1.4,1.0,0.1.2,0.1.0q,0.1.0,0.1.0,0.1.0,0.1
2026.02.20 23:00,US100,PERIOD_M5,Bid,25022.10000000,25033.60000000,25011.10000000,25031.10000000,60.00,24.57142857,18.919391,0.00098164,1,0,0,0,0.00036561,0.00159929,0.00157928,0.91569769,0.36627907,0.77777779,1.34028745,2.11576581,0.14108290,0.18926589,0.18919390,0.02441861,-0.96592581,-0.25881904,0.00000000,1.00000000,0.00000000,0.00000000,0.00000000,0.00000000,0.00000000,0.00000000,0.800000,0.100000,0.100000,LONG,6.000000,12.000000,72.000000,6.000000,12.000000,72.000000,LONG,0,6.000000,12.000000,6.000000,12.000000,72,1,,0.371667,6,0.011333,1.34028748,1.17408214,adaptive_quantile,1,11,0.1.4,1.0,0.1.2,0.1.0q,0.1.0,0.1.0,0.1.0,0.1
2026.02.20 23:05,US100,PERIOD_M5,Bid,25030.60000000,25034.60000000,25022.60000000,25026.85000000,60.00,23.35714286,20.175736,0.00093328,3,1,0,1,-0.00016980,0.00104942,0.00056955,0.51376146,-0.16055046,-0.29166666,1.11105561,1.96365356,0.11695322,0.16344272,0.20175736,0.02568807,-0.96672779,-0.25580734,0.00000000,0.00000000,0.00000000,1.00000000,0.00000000,0.00000000,1.00000000,0.00000000,0.800000,0.100000,0.100000,LONG,6.000000,12.000000,72.000000,6.000000,12.000000,72.000000,LONG,0,6.000000,12.000000,6.000000,12.000000,72,1,,0.371667,6,0.011333,1.11105563,1.17408214,adaptive_quantile,1,12,0.1.4,1.0,0.1.2,0.1.0q,0.1.0,0.1.0,0.1.0,0.1
2026.02.20 23:10,US100,PERIOD_M5,Bid,25026.60000000,25028.60000000,25017.85000000,25025.35000000,60.00,21.58928571,18.698149,0.00086270,1,0,0,0,-0.00005994,0.00013587,0.00045964,0.49793217,-0.05789909,0.39534885,1.02469397,1.97438300,0.10786252,0.15391928,0.18698150,0.02779156,-0.96752036,-0.25279313,0.00000000,1.00000000,0.00000000,0.00000000,0.00000000,0.00000000,0.00000000,0.00000000,0.800000,0.100000,0.100000,LONG,6.000000,12.000000,72.000000,6.000000,12.000000,72.000000,LONG,0,6.000000,12.000000,6.000000,12.000000,72,1,,0.371667,6,0.011333,1.02469394,1.16236009,adaptive_quantile,1,13,0.1.4,1.0,0.1.2,0.1.0q,0.1.0,0.1.0,0.1.0,0.1
2026.02.20 23:15,US100,PERIOD_M5,Bid,25024.60000000,25025.10000000,25013.10000000,25017.10000000,60.00,20.10714286,16.910248,0.00080374,1,0,0,0,-0.00032972,-0.00055946,0.00098981,0.59680283,-0.37300178,-0.33333334,0.62421739,1.64257348,0.06570709,0.10056008,0.16910248,0.02984014,-0.96830350,-0.24977648,0.00000000,1.00000000,0.00000000,0.00000000,0.00000000,0.00000000,0.00000000,0.00000000,0.800000,0.100000,0.100000,LONG,6.000000,12.000000,72.000000,6.000000,12.000000,72.000000,LONG,0,6.000000,12.000000,6.000000,12.000000,72,1,,0.371667,6,0.011333,0.62421739,1.15148994,adaptive_quantile,1,14,0.1.4,1.0,0.1.2,0.1.0q,0.1.0,0.1.0,0.1.0,0.1
2026.02.20 23:20,US100,PERIOD_M5,Bid,25017.35000000,25020.85000000,25013.35000000,25016.10000000,60.00,19.55357143,15.360733,0.00078164,1,0,0,0,-0.00003997,-0.00042963,0.00160025,0.38356164,-0.06392694,-0.26666668,0.53448606,1.57370138,0.05626169,0.09395672,0.15360734,0.03068493,-0.96907729,-0.24675740,0.00000000,1.00000000,0.00000000,0.00000000,0.00000000,0.00000000,0.00000000,0.00000000,0.800000,0.100000,0.100000,LONG,6.000000,12.000000,72.000000,6.000000,12.000000,72.000000,LONG,0,6.000000,12.000000,6.000000,12.000000,72,1,,0.371667,6,0.011333,0.53448606,1.14921381,adaptive_quantile,1,15,0.1.4,1.0,0.1.2,0.1.0q,0.1.0,0.1.0,0.1.0,0.1
2026.02.20 23:25,US100,PERIOD_M5,Bid,25016.10000000,25017.10000000,25013.85000000,25015.10000000,60.00,17.87500000,14.017821,0.00071457,1,0,0,0,-0.00003998,-0.00040967,0.00190066,0.18181819,-0.05594406,-0.23076923,0.47837794,1.60022223,0.05035557,0.08693346,0.14017820,0.03356643,-0.96984166,-0.24373592,0.00000000,1.00000000,0.00000000,0.00000000,0.00000000,0.00000000,0.00000000,0.00000000,0.800000,0.100000,0.100000,LONG,6.000000,12.000000,72.000000,6.000000,12.000000,72.000000,LONG,0,6.000000,12.000000,6.000000,12.000000,72,1,,0.371667,6,0.011333,0.47837793,1.11105563,adaptive_quantile,1,16,0.1.4,1.0,0.1.2,0.1.0q,0.1.0,0.1.0,0.1.0,0.1
2026.02.20 23:30,US100,PERIOD_M5,Bid,25014.85000000,25019.85000000,25013.10000000,25018.35000000,60.00,16.77500000,13.906743,0.00067051,1,0,0,0,0.00012991,0.00004996,0.00181031,0.40238449,0.20864381,0.55555558,0.63648885,1.82442904,0.06699882,0.10699935,0.13906743,0.03576751,-0.97059655,-0.24071208,0.00000000,1.00000000,0.00000000,0.00000000,0.00000000,0.00000000,0.00000000,0.00000000,0.800000,0.100000,0.100000,LONG,6.000000,12.000000,72.000000,6.000000,12.000000,72.000000,LONG,0,6.000000,12.000000,6.000000,12.000000,72,1,,0.371667,6,0.011333,0.63648884,1.11105563,adaptive_quantile,1,17,0.1.4,1.0,0.1.2,0.1.0q,0.1.0,0.1.0,0.1.0,0.1
2026.02.20 23:35,US100,PERIOD_M5,Bid,25018.35000000,25022.10000000,25017.35000000,25021.35000000,60.00,15.73928571,16.015992,0.00062903,1,0,0,0,0.00011990,0.00020984,0.00124971,0.30179259,0.19060585,0.68421054,0.78621858,2.05136132,0.08275985,0.12609105,0.16015992,0.03812117,-0.97134209,-0.23768589,0.00000000,1.00000000,0.00000000,0.00000000,0.00000000,0.00000000,0.00000000,0.00000000,0.800000,0.100000,0.100000,LONG,6.000000,12.000000,72.000000,6.000000,12.000000,72.000000,LONG,0,6.000000,12.000000,6.000000,12.000000,72,1,,0.371667,6,0.011333,0.78621860,1.11105563,adaptive_quantile,1,18,0.1.4,1.0,0.1.2,0.1.0q,0.1.0,0.1.0,0.1.0,0.1
2026.02.20 23:40,US100,PERIOD_M5,Bid,25021.35000000,25025.85000000,25019.85000000,25020.60000000,60.00,14.68571429,19.950847,0.00058694,1,0,0,0,-0.00002997,0.00021984,0.00056969,0.40856031,-0.05107004,-0.75000000,0.71616685,2.06324434,0.07538599,0.11964642,0.19950847,0.04085603,-0.97207814,-0.23465741,0.00000000,1.00000000,0.00000000,0.00000000,0.00000000,0.00000000,0.00000000,0.00000000,0.800000,0.100000,0.100000,LONG,6.000000,12.000000,72.000000,6.000000,12.000000,72.000000,LONG,0,6.000000,12.000000,6.000000,12.000000,72,1,,0.371667,6,0.011333,0.71616688,1.11105563,adaptive_quantile,1,19,0.1.4,1.0,0.1.2,0.1.0q,0.1.0,0.1.0,0.1.0,0.1
2026.02.20 23:45,US100,PERIOD_M5,Bid,25020.85000000,25024.60000000,25018.95000000,25021.35000000,60.00,13.48214286,22.157582,0.00053883,3,1,0,1,0.00002997,0.00011990,0.00120970,0.41907284,0.03708609,-0.15044248,0.75613606,2.21274638,0.07959327,0.12503901,0.22157581,0.04450331,-0.97280478,-0.23162663,0.00000000,0.00000000,0.00000000,1.00000000,0.00000000,0.00000000,1.00000000,0.00000000,0.800000,0.100000,0.100000,LONG,6.000000,12.000000,72.000000,6.000000,12.000000,72.000000,LONG,0,6.000000,12.000000,6.000000,12.000000,72,1,,0.371667,6,0.011333,0.75613606,1.11105563,adaptive_quantile,1,20,0.1.4,1.0,0.1.2,0.1.0q,0.1.0,0.1.0,0.1.0,0.1
2026.02.20 23:50,US100,PERIOD_M5,Bid,25021.60000000,25025.60000000,25017.60000000,25025.35000000,60.00,12.76785714,22.787492,0.00051020,3,1,0,1,0.00015985,0.00015985,0.00098949,0.62657344,0.29370630,0.93750000,1.00584555,2.54590845,0.10587849,0.15477598,0.22787492,0.04699301,-0.97352195,-0.22859360,0.00000000,0.00000000,0.00000000,1.00000000,0.00000000,0.00000000,1.00000000,0.00000000,0.800000,0.100000,0.100000,LONG,6.000000,12.000000,72.000000,6.000000,12.000000,72.000000,LONG,0,6.000000,12.000000,6.000000,12.000000,72,1,,0.371667,6,0.011333,1.00584560,1.11105563,adaptive_quantile,1,21,0.1.4,1.0,0.1.2,0.1.0q,0.1.0,0.1.0,0.1.0,0.1
2026.02.20 23:55,US100,PERIOD_M5,Bid,25025.10000000,25027.60000000,25016.10000000,25024.20000000,165.00,12.16071429,24.087227,0.00048596,2,1,0,1,-0.00004595,0.00014387,0.00008992,0.94566816,-0.07400881,0.40869564,0.86992604,2.47733450,0.09157117,0.14275105,0.24087228,0.13568282,-0.97422963,-0.22555837,0.00000000,0.00000000,1.00000000,0.00000000,0.00000000,0.00000000,1.00000000,0.00000000,0.800000,0.100000,0.100000,LONG,6.000000,12.000000,72.000000,6.000000,12.000000,72.000000,LONG,0,6.000000,12.000000,6.000000,12.000000,72,0,TIME_BLOCK:rollover decision_bar=2026.02.20 23:55 minutes_since_midnight=1435 block=5,0.371667,6,0.011333,0.86992606,1.11105563,adaptive_quantile,1,22,0.1.4,1.0,0.1.2,0.1.0q,0.1.0,0.1.0,0.1.0,0.1
